"Time [ns]"	"NodeVoltage(Ie_a) [mV]"	"NodeVoltage(Ie_b) [mV]"	"NodeVoltage(Ie_c) [mV]"	"NodeVoltage(Iv_a) [mV]"	"NodeVoltage(Iv_b) [mV]"	"NodeVoltage(Iv_c) [mV]"
114200	-0.0144880476467664	-0.023226931234577	0.0377149771476191	-0.0144877485865891	-0.0232264517876501	0.037714198640515
228400	241827.771535294	-241827.312508067	-22138.9349097859	249173.044528243	-249173.042489698	-22138.4779211043
342600	235244.762407173	-235244.332066311	-20803.7931009977	249155.967494419	-249155.966582343	-20803.363672211
456800	228845.412039358	-228845.032493651	-18361.2231020965	249144.974689216	-249144.974153154	-18360.8440924519
571000	222534.388805726	-222534.073091709	-15279.2492387502	249136.752918385	-249136.752596385	-15278.933846733
685200	216320.982662092	-216320.708501191	-13270.171582883	249130.118321189	-249130.118081226	-13269.8976619454
799400	210158.793524588	-210158.574827501	-10586.3925359131	249124.468597021	-249124.468422707	-10586.1740131404
913600	204126.27469662	-204126.067541275	-10020.2696339719	249119.571591754	-249119.571273354	-10020.0627970268
1027800	198192.094817686	-198191.858880113	-11414.4220664801	249115.21117296	-249115.210850221	-11414.1864516468
1142000	192317.654068119	-192317.349926267	-14722.0382990356	249111.242099014	-249111.241847317	-14721.7344088815
1256200	186489.295625414	-186488.918416283	-18256.7846383653	249107.578555438	-249107.578200153	-18256.4077845192
1370400	180691.903452555	-180691.43968285	-22442.3986793315	249104.157453954	-249104.15693688	-22441.9354266998
1484600	174620.844197944	-174620.086232481	-36703.2071181931	249100.77296537	-249100.77262183	-36702.4494962698
1598800	168360.134074217	-168359.145561013	-47863.4954493466	249097.463525519	-249097.463002585	-47862.5074590778
1713000	161855.302157547	-161854.112118469	-57621.278658687	249094.18918623	-249094.188555205	-57620.0892506336
1827200	154936.74611188	-154935.325659248	-68793.2949201011	249090.863827773	-249090.863392837	-68791.8749024045
1941400	147469.302667754	-147467.753300549	-75018.3972300632	249087.431081204	-249087.430227973	-75016.8487160882
2055600	138927.803523064	-138926.187147537	-78274.6362177	249083.673703162	-249083.673055623	-78273.0204897124
2169800	128187.340110887	-128185.967022839	-66491.6061045262	249079.165065418	-249079.164484328	-66490.2335975675
2284000	114249.433572344	-114248.402158086	-49942.20526729	249073.615483355	-249073.614967926	-49941.17436846
2398200	98937.8181578076	-98937.0747575981	-36005.8746310627	249067.847842649	-249067.847670176	-36005.1314033262
2512400	84297.4431095753	-84296.9351626734	-24608.5127326111	249062.581109043	-249062.581127418	-24608.0047673338
2626600	70394.6105275668	-70394.4041672549	-9993.32966618444	249057.768345559	-249057.768266198	-9993.12338523413
2740800	57445.6707115559	-57445.72049252	2411.13864578784	249053.426839477	-249053.426850082	2411.08887542927
2855000	46755.9721352827	-46756.0735508549	4893.59172002155	249049.931998147	-249049.932400908	4893.49070721033
2969200	38411.9448956835	-38411.9985613278	2595.4396280582	249047.255340198	-249047.255431151	2595.38605336672
3083400	31498.2681568412	-31498.3225540329	2611.46298394087	249045.068599402	-249045.069091153	2611.40907849978
3197600	26491.9571705761	-26491.8850333378	-3486.54701876817	249043.501091776	-249043.500923335	-3486.4750499712
3311800	22772.5335371313	-22772.346109411	-9041.06120418211	249042.345673749	-249042.344870304	-9040.87457990647
3426000	20092.1967712165	-20091.8597294293	-16315.004406318	249041.517002598	-249041.516732745	-16314.6676343836
3540200	18309.2976744266	-18308.7504175862	-26541.0117884024	249040.967239735	-249040.967838482	-26540.463932815
3654400	16636.7986324132	-16636.1554344756	-31185.9002730335	249040.453224232	-249040.453760813	-31185.2565385154
3768600	15639.6661700646	-15638.7894409545	-42443.7935401823	249040.148128078	-249040.147516894	-42442.9174222568
3882800	15007.8623739067	-15006.7617287735	-53278.6031727307	249039.955126746	-249039.95424927	-53277.5034050744
3997000	14655.86097872	-14654.5260383559	-64671.2902725357	249039.846965177	-249039.846957317	-64669.9553400318
4111200	14238.1807545947	-14236.6840136466	-72462.7605360865	249039.719328595	-249039.718349081	-72461.2647746523
4225400	14042.9364425824	-14041.1902831918	-84572.2762479296	249039.659811644	-249039.659374034	-84570.5305261481
4339600	13843.7416150774	-13841.7954537985	-94293.7976874126	249039.598395031	-249039.59862263	-94291.8512985342
4453800	13614.1174239663	-13611.9677864939	-104104.273536556	249039.529024903	-249039.528278899	-104102.124645087
4568000	74392.4141590327	414375.936371961	-237965.215233743	249058.448100798	250905.811178784	-249161.123982331
4682200	115084.171395489	363235.423288307	-227493.292972407	249073.714225126	250895.631340565	-249143.043854302
4796400	142010.745640592	325770.986769525	-216942.477831493	249084.828961771	250885.156830222	-249130.731213368
4910600	158215.335294857	299763.654438945	-207134.178977926	249092.253516301	250874.502545011	-249121.945305435
5024800	166349.753306161	283911.606216363	-199415.879468661	249096.315361825	250865.226697074	-249116.062005036
5139000	169516.516099627	274166.68422644	-192841.056960736	249098.013874986	250855.709554089	-249111.580063744
5253200	169439.57509348	268295.176287802	-186896.701747409	249098.001278831	250847.874615257	-249107.826260214
5367400	167736.398822831	264096.382863352	-180999.758412803	249097.137443591	250840.219948462	-249104.334118673
5481600	164560.335311295	261184.112660755	-174916.034611154	249095.527894765	250833.819011268	-249100.933545135
5595800	159879.356739556	259176.472265039	-168231.794185718	249093.219927433	250828.211301253	-249097.396409809
5710000	152089.126374467	257672.180524754	-158941.535539691	249089.522186011	250823.006840917	-249092.757667399
5824200	139770.320382682	256408.329960901	-145363.390589691	249084.012248578	250817.710473278	-249086.462967963
5938400	122597.899235935	255041.831560356	-126830.950945242	249076.884852096	250810.48477056	-249078.589771607
6052600	104581.981556336	253332.737567772	-107118.278385382	249069.942561626	250797.393638753	-249070.895461653
6166800	-352459.524821956	240553.53114553	-138907.430438916	-250894.176624911	249163.279447098	-249082.526937529
6281000	-321215.885713258	230521.408402163	-160134.685415648	-250883.478782299	249147.506143233	-249093.190087677
6395200	-298450.612588702	221324.672274303	-173712.304694434	-250873.446807049	249135.363971665	-249100.16217345
6509400	-284083.031479011	214267.814729773	-181025.664199107	-250864.751584729	249128.114253782	-249104.243617398
6623600	-275091.255440385	208577.072363354	-184325.28104843	-250856.355145629	249123.121186191	-249106.230166022
6737800	-269941.573026578	203675.67457523	-184571.331283321	-250850.057716384	249119.223455702	-249106.395473986
6852000	-266746.399325343	199021.079329646	-183109.357445903	-250844.923800869	249115.79709258	-249105.550733311
6966200	-265275.656350864	194120.759709802	-179678.660423496	-250842.4165176	249112.427609492	-249103.568156451
7080400	-264911.852228932	188702.790737344	-174624.412038878	-250841.644979211	249108.939674551	-249100.768225806
7194600	-265225.865804002	182533.011415598	-168141.433478935	-250842.161654802	249105.219710479	-249097.345923016
7308800	-253237.159501879	192438.740217503	309977.182468863	-250811.645404164	249111.008091332	250879.40049732
7423000	-242175.90087527	200595.941870957	292392.292393989	-249174.235438959	249116.918658084	250869.650170552
7537200	-235160.016220249	206308.071035201	279678.098406035	-249155.560402376	249121.245581647	250860.468041716
7651400	-229686.978544659	209882.281521274	270633.559675742	-249146.174404851	249124.197028102	250850.840029107
7765600	-225384.166601103	212006.305394138	264204.479171212	-249140.211565416	249126.066267533	250840.763262131
7879800	-221810.912429259	213160.968948099	259470.63148623	-249135.912286506	249127.117438164	250829.482853412
7994000	-218641.324291124	213160.37042533	256294.094583238	-249132.464407042	249127.11232383	250818.492800655
8108200	-215624.53701935	211930.70799961	254500.195520976	-249129.439839709	249126.002129027	250809.804211918
8222400	-212512.062080869	209419.391718076	253895.545197917	-249126.53716394	249123.823880398	250805.588118665
8336600	-208857.100755851	205196.793881241	254466.162852547	-249123.362358007	249120.380431671	250808.837904273
8450800	-215014.467756342	-280507.901710247	244392.458216897	-249128.638898233	-250861.667429903	248860.395078445
8565000	-219423.33162919	-270367.406783684	238971.112898396	-249133.250456546	-250850.665085394	249164.290027462
8679200	-222643.078010627	-262441.960928836	234265.130466678	-249136.857579785	-250837.052398166	249154.001505168
8793400.00000001	-224864.425441422	-256355.072888568	230408.005672262	-249139.555042801	-250819.265695885	249147.328080958
8907600.00000001	-226833.854150907	-309320.42541192	226840.246629139	-249142.143051427	-309314.041586483	249142.151704222
9021800.00000001	-225688.611034282	-96039.3656377949	225690.596060525	-249140.624281521	-96037.3832124243	249140.626882393
9136000.00000001	-224324.203847615	-140030.911965058	224327.097976572	-249138.899369273	-140028.021494386	249138.903027557
9250200.00000001	-222646.911489636	-187256.625059485	222650.781302875	-249136.882138802	-187252.759820197	249136.886712753
9364400.00000001	-220412.085362442	-235165.436026633	220416.94465982	-249134.350782377	-235160.582025066	249134.356078189
9478600.00000001	-217327.649692954	-280898.022263262	217333.452622273	-249131.108906192	-280892.225210424	249131.114782674
9592800.00000001	271530.869012504	-243034.268970756	222317.159495034	250852.198451058	-249174.785684176	249136.3467699
9707000.00000001	263261.726436614	-238380.256120277	225935.532516626	250839.10485997	-249163.011347115	249140.909320108
9821200.00000001	256887.277369568	-234615.681099533	228539.575119484	250821.362723143	-249154.692934489	249144.501600866
9935400.00000001	328022.437166305	-230999.391794917	230992.613190241	328015.669525845	-249148.289767604	249148.278803387
10049600	92095.5546166267	-230155.983250157	230154.079216936	92093.6536056939	-249146.950661	249146.947638712
10163800	137431.716078431	-229084.937564259	229082.096519053	137428.879257533	-249145.325805195	249145.321580886
10278000	188166.244706412	-227720.540903411	227716.65145038	188162.360689244	-249143.360110921	249143.354675058
10392200	232955.427089357	-225905.040426543	225900.225726531	232950.618703294	-249140.902920914	249140.896606966
10506400	277979.75463988	-223388.815881084	223383.072050973	277974.017669902	-249137.751441836	249137.744581703
10620600	243733.49790158	-227850.444997325	-266692.162416502	249179.56533118	-249143.417176384	-250845.257667043
10734800	239541.246132293	-231241.959732005	-259110.816183173	249166.190151458	-249148.644728109	-250829.075206234
10849000	236294.761673297	-233595.719854822	-253515.896687107	249158.168386475	-249152.72641865	-250822.296836458
10963200	234433.498234565	-234429.683043386	-184469.199442076	249154.370207867	-249154.362776366	-184465.391682398
11077400	233772.306080904	-233770.163695202	-103592.764538154	249153.106779434	-249153.102739847	-103590.62619204
11191600	232834.521982658	-232831.409045335	-150539.623669231	249151.393910624	-249151.388355656	-150536.516286876
11305800	231584.905554391	-231580.727548506	-202074.494266975	249149.245423864	-249149.238497587	-202070.323187367
11420000	229844.689019225	-229839.573630511	-247450.266248341	249146.462853838	-249146.45494642	-247445.158767046
11534200	234024.745662011	260724.891380436	-243944.950451935	249153.452255698	250833.206759092	-249181.972424279
11648400	237283.149486383	253516.273768607	-239969.232377556	249160.405754967	250837.212425657	-249167.427303189
11762600	238216.451519481	105733.751180933	-238218.639660233	249162.764330766	105731.568644302	-249162.769934886
11876800	237776.571177201	19345.8672150145	-237776.97149863	249161.662950228	19345.4678896905	-249161.663946333
11991000	237322.793683154	73489.4129766786	-237324.31424829	249160.566946798	73487.8960196134	-249160.570554869
12105200	236677.258199484	124719.214526022	-236679.838528645	249159.068563311	124716.640105125	-249159.074471575
12219400	235753.916915534	179081.394199186	-235757.621307293	249157.045236491	179077.697691438	-249157.053120502
12333600	234438.540941302	226314.320288959	-234443.221451714	249154.369643553	226309.648946031	-249154.378811037
12447800	232536.026501378	270395.747667125	-232541.617027816	249150.853389211	270390.166951623	-249150.863200146
12562000	-258735.203618578	244473.273546838	-236539.405122747	-250827.579030805	249184.8511221	-249158.607285781
12676200	-327115.299400875	240246.671897403	-240239.899710887	-327108.548002387	249168.442634705	-249168.421846677
12790400	-4110.60637320118	239888.522310103	-239888.437393859	-4110.52179503699	249167.360192551	-249167.35985447
12904600	-54574.0935260827	239543.823732123	-239542.69397318	-54572.9670155617	249166.353740207	-249166.350491785
13018800	-108759.914501418	239084.151077712	-239081.899861326	-108757.669502678	249165.059758575	-249165.05354093
13133000	-163049.416929737	238374.60607755	-238371.231692106	-163046.051330824	249163.162630808	-249163.153844277
13247200	-212758.229213606	237314.563126248	-237310.161049087	-212753.837635308	249160.534628587	-249160.524129725
13361400	-258819.154473569	235733.479383077	-235728.125971484	-258813.812445509	249156.985834212	-249156.974450679
13475600	-244576.16089091	239654.893056895	255717.682801135	-249185.80880132	249166.481539389	250815.742229051
13589800	-241893.570399057	241889.855847276	179291.447768719	-249174.011843231	249173.998194309	179287.746865859
13704000	-241615.995201098	241616.220171961	-10857.3514941374	-249173.000162353	249173.000948599	-10857.1273095202
13818200	-241329.229144406	241328.35281946	42305.7993153408	-249171.985587808	249171.982532843	42304.9260453595
13932400	-240980.437906542	240978.385675506	99086.4383839356	-249170.796418297	249170.789510741	99084.3930604548
14046600	-240401.133115423	240397.95455744	153500.422035783	-249168.914489769	249168.904431441	153497.253536128
14160800	-239490.803894961	239486.580763737	204007.257345648	-249166.184815895	249166.172653692	204003.046376627
14275000	-238098.409337128	238093.192682467	252099.465371455	-249162.436659883	249162.423424196	252094.261952482
14389200	-241996.246525474	-253522.802493949	244730.091773869	-249174.128681469	-250801.791868458	249186.963304373
14503400	-243135.6845046	-65159.3993948535	243137.035234176	-249179.066407336	-65158.0544395283	249179.072181587
14617600	-242924.975225104	17523.6123825087	242924.611881399	-249178.147308501	17523.250634901	249178.145712404
14731800	-242699.212236628	-36609.1585558144	242699.971100182	-249177.191090637	-36608.4028753732	249177.194273749
14846000	-242414.477005235	-94546.9361074554	242416.436512212	-249176.027870777	-94544.9844865519	249176.03575685
14960200	-241911.50443577	-148822.62314538	241914.588038478	-249174.07169519	-148819.551200157	249174.083352675
15074400	-241085.812604685	-201217.958680184	241089.980227367	-249171.127994526	-201213.80527784	249171.142214863
15188600	-239785.908505185	-248787.397680226	239791.058867312	-249167.019090799	-248782.262598946	249167.034371647
15302800	251953.496167702	-244856.344242688	243680.523916333	250784.333160001	-249187.848457261	249181.191138606
15417000	-13463.5772502322	-244059.853455147	244060.133537157	-13463.2988912265	-249183.510926926	249183.51264993
15531200	-21255.782941885	-243888.280493567	243888.721544621	-21255.3441714344	-249182.633262318	249182.635542922
15645400	35828.8157520801	-243718.756770102	243718.013562977	35828.0761796235	-249181.790958314	249181.787323646
15759600	94380.0107250687	-243476.151678718	243474.194242326	94378.0625496906	-249180.624480289	249180.615219275
15873800	149897.242139541	-243025.659050971	243022.551189957	149894.148012491	-249178.568502678	249178.554768715
15988000	201422.762439519	-242243.546245734	242239.372136366	201418.60481127	-249175.320223255	249175.303742136
16102200	248869.316151556	-240974.984449362	240969.83035777	248864.179380752	-249170.726342424	249170.709021637
16216400	245010.795759131	-244854.910181976	-250915.502136096	249188.891475211	-249187.393521172	-250761.114512981
16330600	246391.578394342	-243023.783065544	232036.387535879	249197.091853885	-249177.103863158	235384.194873949
16444800	244616.164293931	-244613.192180413	-143144.468671776	249186.567387268	-249186.550029229	-143141.513916298
16559000	244480.00348276	-244479.142247962	-41482.880945519	249185.791529059	-249185.786562162	-41482.0246776184
16673200	244269.5680387	-244267.523474436	-98508.2178164947	249184.624537852	-249184.613361736	-98506.1844283476
16787400	243840.377675668	-243837.176280096	-154308.034873793	249182.369700321	-249182.353475014	-154304.849703528
16901600	243070.778630909	-243066.548010403	-204046.005684718	249178.737346618	-249178.718493809	-204041.793917021
17015800	241797.188342851	-241791.942518061	-253209.930511234	249173.589822911	-249173.570334133	-253204.704175222
17130000	245647.973675605	250232.049155813	-245152.381195726	249192.541617242	250724.928869946	-249189.828851497
17244200	243662.334703779	-247498.608958749	-246753.302806768	249179.164348824	-250568.793094803	-249199.948315759
17358400	245150.474391438	135520.920144895	-245153.290318446	249189.857607331	135518.122754629	-249189.876144072
17472600	245054.009582791	47849.5437958545	-245055.003766872	249189.240032104	47848.5561036838	-249189.246524014
17586800	244851.77910781	106011.31235984	-244853.981010895	249187.968688458	106009.124095618	-249187.982327321
17701000	244424.040446488	159602.388636881	-244427.353689104	249185.446038695	159599.094187734	-249185.464832165
17815200	243637.524253328	211203.165626136	-243641.905191025	249181.333885194	211198.806139198	-249181.355335953
17929400	242308.424456324	259426.680469048	-242313.800444442	249175.512276294	259421.325890258	-249175.533685622
18043600	-249837.712239092	245302.409035678	-246137.435912614	-250667.339915772	249190.844849619	-249196.244049875
18157800	247733.014051592	247036.259443395	-244123.233408946	250624.292355185	249202.60108264	-249180.853351783
18272000	-134498.425193321	245557.237028731	-245554.440374325	-134495.648909092	249192.657582027	-249192.637211849
18386200	-57874.424230339	245481.15046352	-245479.947086529	-57873.2296025582	249192.116640278	-249192.107891068
18500400	-114377.379253364	245288.406068746	-245286.028801679	-114375.018301103	249190.770791867	-249190.754477061
18614600	-169867.400849231	244841.176741959	-244837.648537036	-169863.894521765	249187.863415574	-249187.841538117
18728800	-220160.300350733	244004.568375395	-244000.000180308	-220155.756005167	249183.143095931	-249183.11924641
18843000	-268097.035794941	242597.694363515	-242592.137961819	-268091.502399977	249176.655308107	-249176.632301375
18957200	-245468.981936912	246370.955972347	249725.230990464	-249192.007058541	249198.248806581	250620.963277859
19071400	-247347.356905173	244310.586744553	-247572.295251332	-249205.819759798	249181.508953099	-250584.754605253
19185600	-245841.792778219	245838.624865979	152263.499291941	-249194.800762392	249194.775836102	152260.356305991
19299800	-245774.840375956	245773.391966352	69611.5099096395	-249194.281354997	249194.269851058	69610.0730039737
19414000	-245574.749302421	245572.109917809	126920.661334021	-249192.773046875	249192.753525961	126918.041470324
19528200	-245086.003574567	245082.223210501	181942.312414215	-249189.375695895	249189.350890301	181938.556855743
19642400	-244170.948301059	244166.158798987	230790.937208118	-249183.989261166	249183.963489782	230786.173477431
19756600	-242650.143856033	242644.377304123	278244.841572141	-249176.852819138	249176.828788922	278239.099050446
19870799.9999999	-246374.606177597	-249920.184491614	245616.07129381	-249198.304843631	-250673.477252384	249193.062720614
19984999.9999999	-244235.453104246	246764.819234435	247724.375681594	-249181.088263688	250224.962864318	249209.867211152
20099199.9999999	-246003.443163117	-187418.946382074	246007.344528446	-249196.102671748	-187415.077129606	249196.134784609
20213399.9999999	-245950.549436112	-84081.6966830935	245952.299680323	-249195.663780879	-84079.9610846562	249195.678426653
20327599.9999999	-245725.161645207	-141636.391739976	245728.108017103	-249193.875229234	-141633.468124883	249193.897986037
20441799.9999999	-245169.549813092	-194172.762981684	245173.58481546	-249189.891377404	-194168.75498904	249189.918387128
20555999.9999999	-244145.158670171	-244719.158152627	244150.237048651	-249183.828401216	-244714.106998993	249183.855626063
20670199.9999999	101158.739594278	-246600.679112708	246598.569453275	101156.651494407	-249201.245546255	249201.223986692
20784399.9999999	-83226.0235572327	-246544.863440959	246546.59977016	-83224.3049112736	-249200.948028688	249200.965711931
20898599.9999999	-23522.2569004744	-246578.919280773	246579.410065918	-23521.7713485196	-249201.279330341	249201.284563532
21012799.9999999	36702.6113788334	-246610.320662987	246609.555357576	36701.8537698263	-249201.60622996	249201.598533556
21126999.9999999	98773.9153859787	-246537.14706212	246535.087561985	98771.8765125946	-249200.860898386	249200.840271634
21241199.9999999	156891.740782526	-246245.257074637	246241.988933024	156888.50228094	-249198.087927644	249198.058287617
21355399.9999999	209149.124359034	-245594.018979027	245589.66951271	209144.807264144	-249192.782310587	249192.749939161
21469599.9999999	258862.200816967	-244403.616751717	244398.243592177	258856.85787004	-249185.163216342	249185.13300373
21583799.9999999	246793.350901863	-246791.188942407	-103586.406524423	249203.229982286	-249203.206233423	-103584.26831383
21697999.9999999	246800.524232198	-246801.903559918	66048.2378156219	249203.580317436	-249203.595927256	66046.8740977214
21812199.9999999	246854.292995961	-246854.433546095	6721.73539709918	249204.171534357	-249204.173329271	6721.59664187953
21926399.9999999	246887.147939521	-246885.955393221	-57120.4505122273	249204.540656644	-249204.527182329	-57119.271440242
22040599.9999999	246779.666185523	-246777.191728355	-118554.91666191	249203.319645986	-249203.292372852	-118552.469477876
22154799.9999999	246414.176891109	-246410.578900471	-172636.439294287	249199.57942742	-249199.544917728	-172632.875813341
22268999.9999999	245632.930393962	-245628.247658054	-225161.949084093	249193.007049154	-249192.971886719	-225157.30151062
22383199.9999999	244267.97346447	-244262.32456783	-272205.541387531	249184.392629875	-249184.361812954	-272199.923307813
22497399.9999999	246815.697817659	127673.875324643	-246818.362595843	249203.438041966	127671.239911032	-249203.46740654
22611599.9999999	246879.099624759	-45157.3920418468	-246878.15647082	249204.450824686	-45156.4596583359	-249204.440054258
22725799.9999999	246958.448820202	12726.4184992837	-246958.714462108	249205.351090562	12726.1558055258	-249205.35403871
22839999.9999999	246978.5619435	77140.8996057904	-246980.173433398	249205.576403846	77139.3072748819	-249205.595562836
22954199.9999999	246817.718590959	136761.642838881	-246820.573630466	249203.695468393	136758.819843749	-249203.727512769
23068399.9999999	246350.359597879	192172.388971015	-246354.363916403	249198.938190649	192168.422262625	-249198.975800782
23182599.9999999	245408.305767983	242518.537822745	-245413.347127222	249191.355932794	242513.532078725	-249191.391548013
23296799.9999999	-36352.5534557806	247236.099549456	-247235.338976413	-36351.8030718753	249208.336722359	-249208.326533221
23410999.9999999	88283.1341260544	247232.631496044	-247234.479753047	88281.3114801364	249208.681078554	-249208.706689639
23525199.9999999	27277.9477704622	247320.899134524	-247321.47072799	27277.3846928792	249209.869231201	-249209.877747084
23639399.9999999	-36090.078172303	247405.529827164	-247404.774065373	-36089.3332075124	249211.077065478	-249211.066268478
23753599.9999999	-98956.9101489669	247385.405842554	-247383.332927721	-98954.8674981414	249210.750022539	-249210.719758532
23867799.9999999	-157323.051543931	247148.394928313	-247145.104852219	-157319.804139563	249207.479600574	-249207.436928849
23981999.9999999	-209952.229584366	246538.396338867	-246534.018976719	-209947.895913678	249200.584906113	-249200.541214652
24096199.9999999	-259288.259902641	245391.343483862	-245385.954042632	-259282.908169798	249191.160894888	-249191.123186501
24210399.9999999	-247332.662217126	247331.460628442	57407.4830881946	-249209.572004556	249209.555411213	57406.2980928539
24324599.9999999	-247388.267754664	247389.641115161	-65533.6863017239	-249210.818847355	249210.839277954	-65532.3333718257
24438799.9999999	-247499.300000702	247499.41180025	-5307.96996765242	-249212.436540893	249212.438767918	-5307.86039512839
24552999.9999999	-247578.238548109	247576.973506581	60304.9602572585	-249213.656975829	249213.636740509	60303.7154510506
24667199.9999999	-247499.720272682	247497.186105568	120847.752529173	-249212.342039038	249212.302383188	120845.25801791
24781399.9999999	-247154.617234119	247150.881168679	178647.138588007	-249207.463656707	249207.415138619	178643.451040656
24895599.9999999	-246376.007651226	246371.224599551	229555.246436909	-249198.965392402	249198.920576176	229550.50820146
25009799.9999999	-245003.098074927	244997.364764373	276032.058396722	-249188.582083289	249188.5456866	276026.361482857
25123999.9999999	-247231.511154437	-96685.5725451683	247233.533408015	-249208.245693551	-96683.5767838925	249208.272185854
25238199.9999999	-247346.268442544	41006.2587823577	247345.409597324	-249210.243478878	41005.4121816131	249210.231234402
25352399.9999999	-247472.614031092	-19908.5182321748	247473.030971825	-249212.050431533	-19908.1072862422	249212.056426334
25466599.9999999	-247521.531537961	-84424.691082505	247523.302035222	-249212.759217472	-84422.9484012156	249212.787033443
25580799.9999999	-247380.167173872	-144050.74745206	247383.184758659	-249210.565355487	-144047.774001083	249210.609489299
25694999.9999999	-246904.682876476	-198765.048679518	246908.83369947	-249204.408274673	-198760.945901123	249204.456319271
25809199.9999999	-245921.022532107	-249627.819984053	245926.217046545	-249195.03541296	-249622.667545249	249195.077488594
25923399.9999999	18156.7383012239	-247560.580351408	247560.199604044	18156.3635125049	-249212.790650017	249212.784691372
26037599.9999999	-79911.531537173	-247619.188392555	247620.86702324	-79909.8818192833	-249214.265767267	249214.294680063
26151799.9999999	-19536.1722917112	-247756.244864755	247756.656363894	-19535.7690203647	-249216.578439543	249216.586667336
26265999.9999999	46718.4639853533	-247877.596677506	247876.613382425	46717.4996303511	-249218.826111036	249218.807170958
26380199.9999999	108898.852748001	-247866.471507524	247864.178101717	108896.604879623	-249218.491076259	249218.44553883
26494399.9999999	168458.912524133	-247609.348151763	247605.812078638	168455.43526599	-249213.799562415	249213.740747433
26608599.9999999	220138.235949703	-246947.505213865	246942.907811905	220133.692056721	-249204.692427924	249204.638918946
26722799.9999998	267499.232336247	-245728.663938035	245723.100571137	267493.711276316	-249193.496583672	249193.454276705
26836999.9999998	247572.40852085	-247571.341020982	-50918.0791853997	249212.932324143	-249212.91586652	-50917.0281431539
26951199.9999998	247693.30636654	-247694.443805095	54110.2999697597	249215.517154863	-249215.537524966	54109.1829013078
27065399.9999998	247845.860636998	-247845.688817143	-8195.28508768139	249218.222773894	-249218.220115227	-8195.1159264938
27179599.9999998	247941.276072054	-247939.710504402	-74278.8429201965	249220.044840572	-249220.012525892	-74277.3096672249
27293799.9999998	247855.355364205	-247852.540978285	-133661.079031573	249218.159245893	-249218.103855448	-133658.320036097
27407999.9999998	247467.061021806	-247463.06587792	-190610.178447648	249211.492914458	-249211.432236635	-190606.243981585
27522199.9999998	246592.525619885	-246587.481799732	-241909.106848004	249200.834074977	-249200.783427023	-241904.113675805
27636399.9999998	245093.957887531	-245087.982235433	-287726.033666891	249189.102372072	-249189.06379065	-287720.096596215
27750599.9999998	247345.774334307	106752.576020085	-247348.008657931	249209.745246841	106750.372461518	-249209.776011898
27864799.9999998	247513.890299265	-27436.7070191632	-247513.315079587	249212.669002301	-27436.1405634569	-249212.660238329
27978999.9999998	247675.15939191	36314.6219693796	-247675.921689251	249215.227459465	36313.8723696447	-249215.24015707
28093199.9999998	247728.752429633	99890.9679701851	-247730.852102783	249216.068276609	99888.9060387525	-249216.106018327
28207399.9999998	247548.70155967	160873.105798844	-247552.076646935	249212.909846995	160869.785116726	-249212.964252142
28321599.9999998	246978.488105306	214420.911086641	-246982.967169914	249205.080413318	214416.485186391	-249205.133577674
28435799.9999998	245881.362190903	261976.063818714	-245886.812747541	249194.692517325	261970.656660669	-249194.735915918
28549999.9999998	-34889.6064970342	247647.987872947	-247647.256007771	-34888.8863112863	249214.083180562	-249214.071501134
28664199.9999998	63172.4184252445	247782.938644262	-247784.268229075	63171.114285709	249217.056074704	-249217.081519982
28778399.9999998	189.926003586796	247965.328122504	-247965.33308583	189.922076954673	249220.532092778	-249220.533129471
28892599.9999998	-67337.7757033869	248099.263355033	-248097.840027662	-67336.3857267603	249223.395358012	-249223.362007268
29006799.9999998	-126615.026408266	248064.951099662	-248062.275422507	-126612.412852727	249222.357817007	-249222.295695391
29120999.9999998	-185184.730273163	247740.736407193	-247736.844071453	-185180.907787295	249215.719522394	-249215.649672522
29235199.9999998	-236859.256421569	246949.597053048	-246944.651083604	-236854.367454446	249204.500952007	-249204.443949686
29349399.9999998	-283414.645729242	245549.567743593	-245543.676421111	-283408.796894933	249192.124833995	-249192.082345822
29463599.9999998	-247580.596241939	247578.954799853	78292.6693752765	-249213.05921378	249213.033872374	78291.0532745964
29577799.9999998	-247765.898039542	247766.600811332	-33416.9854012465	-249216.77975066	249216.792632073	-33416.2955108687
29691999.9999998	-247954.143230048	247953.512716465	29936.8605583565	-249220.32411274	249220.311549457	29936.2426080573
29806199.9999998	-248041.469179611	248039.466400059	94823.635847172	-249222.052300437	249222.006854334	94821.6785137229
29920399.9999998	-247907.678476195	247904.393834705	155877.368672607	-249218.983864137	249218.91678824	155874.151107013
30034599.9999998	-247403.013652095	247398.621959563	209684.329674583	-249210.333342953	249210.269793759	209680.001531246
30148799.9999998	-246358.561960098	246353.149516655	259820.387342701	-249198.557110412	249198.507383399	259815.024626271
30262999.9999998	-247874.611015848	-7504.14859700308	247874.768561355	-249217.899702926	-7503.99369745662	249217.902348886
30377199.9999998	-248019.336147841	68536.0857983663	248017.888083523	-249221.614487909	68534.6709649805	249221.581256977
30491399.9999998	-248219.932576795	5489.8062136606	248219.814586626	-249226.245421065	5489.69288676338	249226.240757794
30605599.9999998	-248379.673245357	-61909.1090725931	248380.99187188	-249230.603380517	-61907.8311537832	249230.64408823
30719799.9999998	-248371.79249386	-124193.917959501	248374.440201366	-249229.835666347	-124191.354378094	249229.919792444
30833999.9999998	-248079.381303961	-182953.407016084	248083.246495506	-249221.899497341	-182949.630585097	249221.988257899
30948199.9999998	-247319.579614929	-234655.594947094	247324.489425662	-249208.738101909	-234650.751455067	249208.804420615
31062399.9999998	-245983.295452292	-280342.100769832	245989.128434721	-249195.365013451	-280336.315159327	249195.412385375
31176599.9999998	53241.4217357476	-247800.395091879	247799.276764086	53240.3227357575	-249216.568547456	249216.549219653
31290799.9999998	-36538.7120244903	-247999.277927303	248000.049412144	-36537.9577087125	-249221.24042423	249221.257593294
31404999.9999998	26824.9994993789	-248206.393739807	248205.826309382	26824.445784021	-249225.945849169	249225.932134101
31519199.9999998	94032.6030488857	-248312.301233013	248310.301230122	94030.6620433908	-249228.560714437	249228.501717041
31633399.9999998	152064.614537901	-248202.31149498	248199.088735131	152061.475672861	-249225.160949246	249225.077054437
31747599.9999998	207711.387654644	-247728.325545193	247723.962272753	207707.100228195	-249215.068111569	249214.992265578
31861799.9999998	258409.510051083	-246718.05148094	246712.661935513	258404.17643508	-249201.866455135	249201.81052571
31975999.9999998	248051.138639759	-248051.397028291	12228.3442299277	249221.272949807	-249221.278922601	12228.0918141901
32090199.9999998	248211.501767552	-248213.003026922	70720.1910619026	249225.959850169	-249226.001209052	70718.7311614158
32204399.9999998	248426.167917787	-248426.329849208	7484.32984526895	249231.98004264	-249231.98747609	7484.17534729822
32318599.9999998	248600.284311686	-248598.992899594	-59982.0897315667	249238.031947273	-249237.978676681	-59980.8515900672
32432799.9999998	248614.755301125	-248612.105323128	-122751.678074792	249237.650377719	-249237.534211383	-122749.144263131
32546999.9999998	248339.807552775	-248335.945291189	-181781.530723877	249227.478347598	-249227.368329358	-181777.778480532
32661199.9999998	247605.507517491	-247600.605323957	-233841.801625179	249212.479783872	-249212.404289628	-233836.974925888
32775399.9999998	246281.87296042	-246276.03800611	-280233.155812914	249197.741277498	-249197.689729503	-280227.3724066
32889599.9999998	247950.201850495	38072.6302177292	-247951.002758427	249219.254091132	38071.8443286376	-249219.269109972
33003799.9999998	248166.434515795	-37684.7398724512	-248165.635604002	249224.958644523	-37683.9619107656	-249224.937694416
33117999.9999998	248383.818991446	25391.839473438	-248384.358785791	249230.749258702	25391.3153412822	-249230.764920892
33232199.9999998	248510.129304341	92098.3950531996	-248512.104234248	249234.580875639	92096.4939731259	-249234.654725472
33346399.9999998	248398.928672278	153528.787852177	-248402.202994917	249229.805849995	153525.618763397	-249229.911083854
33460599.9999998	247931.375566124	208212.632477496	-247935.759812692	249218.432659118	208208.334707222	-249218.519135413
33574799.9999998	246923.338071856	259038.913016287	-246928.745143716	249203.892467225	259033.566415154	-249203.952937951
33688999.9999998	23894.5881902614	248153.173683264	-248153.678952112	23894.0949616778	249223.476355558	-249223.488395823
33803199.9999998	72119.6761378442	248327.301085048	-248328.83789177	72118.1873581348	249228.94034594	-249228.988372953
33917399.9999998	6763.71965346833	248552.205475828	-248552.353639559	6763.5800295769	249236.19993646	-249236.2084763
34031599.9999998	-60449.3948016139	248739.387084548	-248738.070976477	-60448.1470140482	249244.038619418	-249243.970298913
34145799.9999998	-124818.653980182	248754.188620822	-248751.458911204	-124816.077502712	249242.729444536	-249242.576212388
34260000	-181157.89963024	248492.094619301	-248488.230159809	-181154.160261135	249231.328924772	-249231.203834385
34374200.0000002	-234239.684894786	247763.409113267	-247758.493159307	-234234.849981556	249214.573679989	-249214.492639258
34488400.0000002	-280855.456255744	246440.679394951	-246434.828980344	-280849.660034408	249199.080398288	-249199.026205017
34602600.0000002	-248043.829316048	248043.174412599	31106.4921671461	-249221.050782783	249221.037974713	31105.8500717656
34716800.0000002	-248275.222140976	248276.00544679	-36824.8193653207	-249227.68548956	249227.7085909	-36824.0591608461
34831000.0000002	-248499.993837289	248499.422718436	26721.2884119722	-249234.432062251	249234.412517929	26720.7368374415
34945200.0000002	-248635.908185546	248633.894391782	93180.0219756531	-249239.226142478	249239.135755388	93178.0985689793
35059400.0000002	-248530.658487624	248527.339301872	154826.456557074	-249233.373848353	249233.250536665	154823.26068301
35173600.0000002	-248064.075009309	248059.66467816	209120.741158548	-249220.709337531	249220.615518568	209116.424646362
35287800.0000002	-247060.903672016	247055.479460703	259712.140108612	-249205.359120158	249205.295396043	259706.779621415
35402000.0000002	-248241.504720998	27910.4480805326	248240.913129436	-249225.421569734	27909.8719570654	249225.40610164
35516200.0000002	-248427.995830091	70603.5646948931	248426.485759209	-249231.905729986	70602.1072230274	249231.853130969
35630400.0000002	-248664.898069102	4067.11714004475	248664.805645484	-249240.612261636	4067.03317910242	249240.60379896
35744600.0000002	-248857.477685327	-61139.6780370707	248858.831833408	-249250.361329038	-61138.4160007141	249250.453440763
35858800.0000002	-248882.929988815	-125593.736371441	248885.72668968	-249248.118389393	-125591.143895145	249248.322613962
35973000.0000002	-248601.228621192	-184461.888794592	248605.156827896	-249232.209988726	-184458.081228062	249232.3306289
36087200.0000002	-247855.430171598	-236503.631154568	247860.396037547	-249215.790371048	-236498.74952497	249215.874607399
36201400.0000002	-246504.648384456	-283451.399253085	246510.553776398	-249199.601400452	-283445.549633896	249199.657173205
36315600.0000002	28798.9388622296	-248084.669699758	248084.062887052	28798.3443989672	-249221.92889712	249221.916547676
36429800.0000002	-35379.4125550973	-248326.512227531	248327.266432874	-35378.682189746	-249229.070730078	249229.09457007
36544000.0000002	29668.5458001925	-248562.342806994	248561.706830164	29667.9333886952	-249236.636458678	249236.612893345
36658200.0000002	95796.7212596246	-248700.765756872	248698.683062138	95794.7438398807	-249241.870672434	249241.765397445
36772400.0000002	158257.386004054	-248592.763541953	248589.361828423	158254.119311885	-249234.983160346	249234.848138984
36886600.0000002	211349.782524991	-248109.762692391	248105.304527589	211345.420009677	-249221.302828479	249221.207178991
37000800.0000002	261800.868774976	-247089.347509635	247083.879110847	261795.465202654	-249205.654683199	249205.589856733
37115000.0000002	248276.486297728	-248277.057045257	26897.7815744814	249226.223856481	-249226.23938381	26897.2263542815
37229200.0000002	248476.003364748	-248477.456507116	67783.604034378	249233.442161608	-249233.496045748	67782.2047761497
37343400.0000002	248729.041921856	-248729.084671236	1704.24196859694	249243.475470884	-249243.483034068	1704.20678240097
37457600.0000002	248924.683635099	-248923.207410649	-65499.5346943104	249254.594270515	-249254.470077981	-65498.1826623948
37571800.0000002	248941.5941884	-248938.708850295	-129272.471041677	249248.833976971	-249248.617049156	-129269.802631388
37686000.0000002	248650.473419544	-248646.494090697	-187741.662772031	249232.294315502	-249232.190247917	-187737.787510769
37800200.0000002	247890.688283991	-247885.67468854	-238792.509696049	249216.198383609	-249216.113647449	-238787.580836758
37914400.0000002	246523.319582518	-246517.371672009	-285496.666182582	249199.761638796	-249199.705317199	-285490.77459367
38028600.0000002	248112.595104953	32664.9743276312	-248113.283393578	249222.487701698	32664.3000623263	-249222.501725018
38142800.0000002	248368.721963293	-31303.0529540613	-248368.053786063	249230.285508746	-31302.4067385971	-249230.26354698
38257000.0000002	248610.853959684	35535.0153767615	-248611.6182305	249238.483003751	35534.2818700402	-249238.513767846
38371200.0000002	248747.76101448	97911.9888980635	-248749.900665401	249243.884716961	97909.9678162167	-249244.003286036
38485400.0000002	248629.854613861	161553.400592329	-248633.331933206	249235.637391013	161550.065866763	-249235.779984792
38599600.0000002	248121.344419179	214974.327180402	-248125.877708068	249221.181708069	214969.889858641	-249221.277675197
38713800.0000002	247065.938828744	265225.256888011	-247071.477941168	249205.337545344	265219.7826862	-249205.402455956
38828000.0000002	22021.2130317159	248295.10610456	-248295.573927906	22020.7584728815	249226.658178213	-249226.671442725
38942200.0000002	63258.2353899452	248511.970409632	-248513.329204517	63256.9295480625	249234.673573397	-249234.726526399
39056400.0000002	-2470.44043723869	248774.481994394	-248774.434232633	-2470.38944936301	249245.740789377	-249245.744015491
39170600.0000002	-70567.9056265696	248973.923320911	-248972.3055502	-70566.4489740837	249258.101451784	-249257.940333559
39284800.0000003	-132931.675318716	248974.860935241	-248971.99797262	-132928.931378016	249244.35086097	-249244.23183905
39399000.0000003	-191459.408620354	248672.305915295	-248668.276407589	-191455.456624579	249231.395632967	-249231.318121036
39513200.0000003	-243458.676532529	247873.029403104	-247867.921246289	-243453.651382345	249215.539316457	-249215.456309826
39627400.0000003	-289383.457078036	246452.102644002	-246446.076282384	-289377.486274446	249199.082951649	-249199.027393621
39741600.0000003	-248102.46221784	248101.589396021	41419.3308960132	-249222.250744687	249222.23289391	41418.4759249711
39855800.0000003	-248365.755878824	248366.344365066	-27607.8379956274	-249230.212268596	249230.230820124	-27607.2680609132
39970000.0000003	-248617.72721792	248616.888628405	38978.412785909	-249238.755934201	249238.721929925	38977.6082006704
40084200.0000003	-248750.058707713	248747.769297692	104681.195592223	-249243.794247827	249243.665647724	104679.034782306
40198400.0000003	-248617.616519496	248614.036397697	166696.760507704	-249234.970422162	249234.831188051	166693.319620015
40312600.0000003	-248077.609166962	248072.967620775	220323.741238124	-249220.168768608	249220.074947768	220319.193512778
40426800.0000003	-246977.740555991	246972.130000048	268782.541018685	-249204.342806864	249204.279788328	268776.993481278
40541000.0000003	-248276.512254221	13013.6222917491	248276.235397661	-249226.162472953	13013.3536663261	249226.154241816
40655200.0000003	-248512.788894283	57505.8113620372	248511.553368873	-249234.738248765	57504.6242617097	249234.689823682
40769400.0000003	-248782.69633231	-7998.99345474044	248782.865417813	-249246.206529197	-7998.82834625026	249246.21050621
40883600.0000003	-248989.075039386	-76501.3057278737	248990.838031315	-249259.244316682	-76499.7265991441	249259.428179882
40997800.0000003	-248953.578220674	-139021.36907796	248956.226037348	-249231.338628835	-139018.499438141	249231.11680569
41112000.0000003	-248631.195036289	-196703.81115061	248635.340440863	-249230.650179653	-196699.750911981	249230.735345598
41226200.0000003	-247789.037100314	-248338.859678263	247794.24456501	-249214.284401994	-248333.73383107	249214.366019497
41340400.0000003	-80704.7834920986	-248537.69083316	248539.414498772	-80703.1175993462	-249233.481068839	249233.538841699
41454600.0000003	-88016.1765267722	-248722.441204283	248724.358360818	-88014.3596339163	-249242.371740372	249242.472004051
41568800.0000003	-21192.8281062242	-248991.589474631	248992.089243464	-21192.3906351697	-249259.488685733	249259.550983511
41683000.0000003	45895.3337850895	-249255.856307714	249253.770855308	45894.3864211639	-249300.105739377	249298.967650896
41797200.0000003	112546.880326045	-250699.287112043	250696.331549721	112544.557155704	-250695.355571717	250694.723179736
41911400.0000003	171164.440727172	-250351.882692293	250338.529816601	171160.907625841	-250550.682014089	250540.862239728
42025600.0000003	224771.918408325	-248442.051441129	248437.361364275	224767.278881813	-249223.401199955	249223.350649613
42139800.0000003	273000.463520989	-247273.770767472	247268.06588019	272994.829031811	-249207.415841085	249207.34544298
42254000.0000003	248442.605901861	-248443.055844938	21060.2632222947	249230.44216763	-249230.457387534	21059.8284991213
42368200.0000003	248691.436629688	-248692.538075133	50568.4332237094	249241.671278275	-249241.728840749	50567.3893407381
42482400.0000003	248962.592188833	-248962.266187273	-14880.5277848872	249257.747489314	-249257.728645008	-14880.2206276318
42596600.0000003	249151.413536279	-249149.063788931	-83030.6669741132	249268.753266011	-249268.117425122	-83028.9530676538
42710800.0000003	250179.352657846	-250138.722843212	-145840.328793501	250364.172425705	-250326.553002468	-145837.318402105
42825000.0000003	248683.967995221	-248679.810158949	-201293.614862153	249228.873301937	-249228.870433355	-201289.459894463
42939200.0000003	247792.545269976	-247787.241520265	-253019.46921896	249214.132347434	-249214.051019603	-253014.24679708
43053400.0000003	248571.302025343	-73825.9551001568	-248569.722668409	249234.532585608	-73824.4311976301	-249234.477131201
43167600.0000003	248771.545612896	-81137.5044961386	-248769.768294599	249244.823379262	-81135.829601369	-249244.720955735
43281800.0000003	249045.11889813	-12497.9045216472	-249044.803407454	249264.501954891	-12497.6465309795	-249264.444454882
43396000.0000003	250419.500851223	52216.0563009233	-247627.107409595	250415.449126424	52214.9784649446	-247621.977848817
43510200.0000003	250741.054176289	117648.453798697	-250743.961694904	250706.91401922	117646.025324006	-250707.393063144
43624400.0000003	250375.278676544	177931.006816281	-250385.182665741	250581.793341225	177927.334048195	-250588.024562336
43738600.0000003	248376.067434074	230557.062864078	-248380.882352634	249222.160565669	230552.303949693	-249222.216569844
43852800.0000003	247138.636934804	277978.220806342	-247144.441936304	249205.858698774	277972.483776777	-249205.926670709
43967000.0000003	8344.46612401333	248403.32235044	-248403.501600581	8344.29387860223	249229.3683201	-249229.37532483
44081200.0000003	43815.2395920344	248659.359739402	-248660.311078924	43814.335109704	249240.360968862	-249240.407826054
44195400.0000003	-22150.8903585615	248927.541789213	-248927.052957686	-22150.4331265723	249255.136834614	-249255.105235076
44309600.0000003	-89091.2439784096	249109.34781554	-249107.082640608	-89089.404971097	249267.221505097	-249266.795337477
44423800.0000003	-153639.77890089	245349.352825226	-247910.725738806	-153636.607519527	245486.122071457	-248050.666366401
44538000.0000003	-207058.778177788	248666.054830501	-248662.095057683	-207054.504221968	249217.15669271	-249217.470875712
44652200.0000003	-258411.28393635	247723.285657068	-247717.871425843	-258405.950278777	249213.159883294	-249213.079309641
44766400.0000003	-248570.170648406	248571.523596346	-63214.4818398789	-249234.481376333	249234.529460951	-63213.176976557
44880600.0000003	-248784.152031259	248785.806626876	-75365.808827183	-249245.620293471	249245.719140603	-75364.2530786977
44994800.0000003	-249063.24511702	249063.453341701	-7721.96581411218	-249266.507736475	249266.556556196	-7721.80640915235
45109000.0000003	-250504.23269947	250501.710032337	60396.9154820178	-250536.46438084	250535.188417971	60395.6687777542
45223200.0000003	-250670.848601904	250667.434704551	124373.5404973	-250688.754539492	250687.907931716	124370.973207723
45337400.0000003	-250636.17731129	230766.435353349	175482.895261124	-250627.602994077	230761.483267327	175479.273029932
45451600.0000003	-248495.103935777	248491.256653214	235600.381964476	-249192.34368896	249193.359391135	235595.518979739
45565800.0000004	-247214.811622695	247208.917599677	282207.724978026	-249206.611495541	249206.54150437	282201.900946178
45680000.0000004	-248454.152243014	5181.7374078406	248454.039598275	-249230.756548802	5181.63044701831	249230.750864886
45794200.0000004	-248721.978748557	36596.2005700464	248721.178493187	-249243.161459716	36595.445109297	249243.116665095
45908400.0000004	-248988.644537753	-29841.5669629397	248989.317453385	-249259.959389892	-29840.9509801702	249260.016322754
46022600.0000004	-249118.74029271	-96234.5243662429	249120.900827913	-249241.109097224	-96232.5379094682	249241.283175653
46136800.0000004	-237369.81834317	-153158.438082043	249946.941252099	-237411.106518007	-153155.276639673	249985.067984567
46251000.0000004	-248662.363370866	-213435.924749094	248664.081570834	-249175.511149212	-213431.519176715	249172.8237768
46365200.0000004	-247701.954896997	-262341.456552184	247707.449972691	-249212.861244855	-262336.041844072	249212.941612437
46479400.0000004	-56856.5424284623	-248594.453116627	248595.671484794	-56855.3688042526	-249235.147714827	249235.192458784
46593600.0000004	-66697.6005508264	-248820.080034374	248821.553482784	-66696.2237318607	-249247.685446097	249247.782075541
46707800.0000004	-212.221372754362	-249103.94652299	249103.988043197	-212.21698478189	-249271.332609838	249271.369742072
46822000.0000004	68851.3155952351	-250649.455699808	250647.262323987	68849.8943763371	-250660.017200517	250659.245043594
46936200.0000004	130154.914662141	-250665.108670169	250661.568898596	130152.228037841	-250689.929778891	250689.076631619
47050400.0000004	189985.356590819	-248513.422667111	248597.469096178	189981.4350182	-248792.162833411	248880.130835097
47164600.0000004	241683.790867228	-248186.728764993	248181.672071272	241678.802342731	-249218.789845601	249218.721676377
47278800.0000004	287760.250982611	-246798.617093695	246792.617688541	287754.313160187	-249202.235876295	249202.174293566
47393000.0000004	248280.439458998	-248279.983823735	-21597.3069561815	249226.198930042	-249226.189103197	-21596.861147764
47507200.0000004	248557.0909593	-248557.704860209	28506.8380772264	249236.421576804	-249236.446990792	28506.2495903056
47621400.0000004	248821.760000191	-248820.944023397	-37218.4222189383	249248.39957509	-249248.351853998	-37217.6539632361
47735600.0000004	248969.053379098	-248966.667864376	-104068.258807014	249255.537536896	-249255.300180287	-104066.110648901
47849800.0000004	248843.375638807	-248839.962731492	-164577.296214627	249234.831863329	-249234.816095373	-164573.899075267
47964000.0000004	248325.530379283	-248320.920943275	-218825.418561317	249223.668441075	-249223.575808894	-218820.901757491
48078200.0000004	247247.385051063	-247241.776389774	-268373.152935191	249207.25282408	-249207.183274342	-268367.613823641
48192400.0000004	248416.483859098	-27156.806810696	-248415.904937006	249229.746669609	-27156.246243583	-249229.72831463
48306600.0000004	248661.495469755	-57507.0526902744	-248660.246969043	249240.349330442	-57505.8655716223	-249240.287948382
48420800.0000004	248944.52014951	6003.94158244697	-248944.643544979	249256.257942817	6003.81765528644	-249256.257411126
48535000.0000004	249163.008495061	75429.9241714711	-249165.219474745	249273.815271662	75428.3671579763	-249274.469237852
48649200.0000004	250440.272555665	138327.852334501	-250448.070317243	250586.439773128	138324.997009576	-250591.38220978
48763400.0000004	248772.980093998	196276.858158066	-248776.765089072	249224.397362421	196272.806731367	-249224.130930795
48877600.0000004	247953.779376268	248190.430641465	-247958.984269167	249216.229216581	248185.307855552	-249216.311323566
48991800.0000004	88727.2277074972	248624.847086493	-248626.749418567	88725.3962172613	249236.337869084	-249236.408710921
49106000.0000004	88698.976234784	248819.94687277	-248821.899168549	88697.1452565396	249247.006198801	-249247.127516335
49220200.0000004	21112.0120097089	249103.413260787	-249103.953391922	21111.5762064681	249270.538177077	-249270.642504971
49334400.0000004	-44835.4502286444	250699.383733435	-250698.111848794	-44834.5247426581	250677.617892952	-250677.271494297
49448600.0000004	-111511.728930991	250802.330796963	-250799.657314695	-111509.427127788	250716.168777258	-250715.797098194
49562800.0000004	-172428.389734686	250559.336089809	-250554.345474777	-172424.830543039	250675.227886679	-250673.796463294
49677000.0000004	-225549.539704065	248523.867280046	-248519.256856703	-225544.884130356	249221.320965662	-249221.366116028
49791200.0000004	-274415.167810622	247358.576396418	-247352.840037468	-274409.504149425	249208.341795059	-249208.269097306
49905400.0000004	-248484.1359552	248484.691702939	-26003.8516686024	-249231.755679191	249231.774658987	-26003.3149006603
50019600.0000004	-248740.402186926	248741.518186144	-50942.7914299249	-249243.872719674	249243.937109548	-50941.7398205802
50133800.0000004	-249027.197104611	249026.848670841	15870.2866041282	-249263.324551158	249263.30370492	15869.9590165967
50248000.0000004	-250638.069241242	244265.717786879	80313.2795124161	-250631.799544856	244261.105905021	80311.6216978879
50362200.0000004	-250620.74461993	250616.8130243	146786.029799575	-250688.297177913	250687.395494254	146782.999887605
50476400.0000004	-248781.338461632	248778.150669838	202340.674672164	-249209.488532955	249210.477319737	202336.498093588
50590600.0000004	-247906.464340704	247901.141010697	253976.880752523	-249215.391258774	249215.310103314	253971.638577977
50704800.0000004	-248634.342153104	78787.5987534826	248632.651803142	-249236.675253254	78785.9724338512	249236.611222924
50819000.0000004	-248849.106162735	80793.4723473458	248847.318541437	-249248.766685293	80791.8045595993	249248.646851742
50933200.0000004	-249139.285573061	13478.2050470287	249138.906547215	-249275.632219664	13477.9268215483	249275.531419299
51047400.0000004	-250731.191567144	-54250.2702319152	250732.610771688	-250693.18988529	-54249.1504060707	250693.489263988
51161600.0000004	-250789.336570271	-119260.024047071	250792.204307205	-250714.954876358	-119257.562307629	250715.36087385
51275800.0000004	-250470.962803545	-180624.172651188	250477.187209649	-250645.201264097	-180620.444294144	250647.697313157
51390000.0000004	-248411.065139742	-230621.53028896	248415.869245901	-249222.602180595	-230616.770051219	249222.646049012
51504200.0000004	-247173.758048765	-278892.792191779	247179.582951654	-249206.214654742	-278887.036297346	249206.283663198
51618400.0000004	-8826.14101770857	-248430.57582458	248430.765739451	-8825.95882959066	-249230.121006611	249230.128733364
51732600.0000004	-41996.1981630862	-248700.457806037	248701.373940408	-41995.3312308139	-249242.133558675	249242.182760774
51846800.0000004	24628.7421733073	-248983.11563844	248982.565880951	24628.2337936444	-249259.464038781	249259.422660956
51961000.0000005	90937.7234081546	-249129.0033832	249127.002772534	90935.846286384	-249233.24816261	249233.124673714
52075200.0000005	154041.558559909	-250231.125998089	250203.591717472	154038.378886149	-250431.204954374	250406.850347517
52189400.0000005	209084.095117568	-248614.583076368	248610.238862085	209079.779360638	-249227.46447259	249227.436015237
52303600.0000005	259601.009270615	-247656.891367828	247651.454263036	259595.651076513	-249212.285265393	249212.206354704
52417800.0000005	248558.042074191	-248559.307041293	59134.3449926909	249234.021342743	-249234.065667875	59133.1243507202
52532000.0000005	248788.308568839	-248789.889202289	71898.8808169696	249245.87238004	-249245.968824114	71897.3966275927
52646200.0000005	249080.185973997	-249080.340159855	5254.61047443454	249268.436598777	-249268.482311369	5254.5020011687
52760400.0000005	250627.293067634	-250625.113178176	-64800.5813940747	250644.725102317	-250643.882817025	-64799.2437899083
52874600.0000005	250694.843197171	-250691.53400143	-124900.560461071	250695.747612519	-250695.016583621	-124897.982294228
52988800.0000005	249733.490465157	-249500.52611078	-186144.676894804	249988.370252106	-249759.248199566	-186140.834592968
53103000.0000005	248255.484548995	-248250.500228685	-238337.187905114	249219.929540644	-249219.864687206	-238332.268438241
53217200.0000005	246926.849012088	-246920.901569545	-285096.319144437	249203.564262036	-249203.500201051	-285090.435762879
53331400.0000005	248338.081022707	11437.3289213276	-248338.321603591	249227.642538404	11437.0928336386	-249227.647031598
53445600.0000005	248621.585386323	-33454.3985020668	-248620.861176932	249238.865933126	-33453.7078886011	-249238.832337201
53559800.0000005	248898.948876757	32584.9130168479	-248899.670418858	249253.163641196	32584.2404059284	-249253.212572378
53674000.0000005	249056.877448567	99732.8104281009	-249059.283296855	249259.175180563	99730.7517607323	-249259.522361482
53788200.0000005	248913.847586608	161494.267788778	-248915.0536779	249199.139067745	161490.934284883	-249197.011655143
53902400.0000005	248469.042450708	215918.341676107	-248473.567044861	249225.153447373	215913.884869469	-249225.221234888
54016600.0000005	247429.837393197	265790.469079428	-247435.396954716	249209.329602567	265784.983224882	-249209.403309541
54130800.0000005	40106.9422640718	248498.242541337	-248499.099098425	40106.1143822278	249232.062178041	-249232.090853285
54245000.0000005	61685.6998069261	248742.167356514	-248743.517154792	61684.4264357025	249243.884528041	-249243.960955095
54359200.0000005	-1785.14390296859	249038.25884406	-249038.239068245	-1785.10706028683	249264.153852574	-249264.170919441
54473400.0000005	-71663.4488208781	250313.427922057	-250302.777451981	-71661.9695543411	250360.561959143	-250351.390755605
54587600.0000005	-135048.38465261	250610.900818783	-250606.916149198	-135045.597019897	250675.16058232	-250673.96354545
54701800.0000005	-193686.672939306	248823.219115308	-248824.097760746	-193682.674972839	249163.912386523	-249168.788998429
54816000.0000005	-245619.888834367	248097.981824006	-248092.836168594	-245614.819088809	249217.797440733	-249217.721530879
54930200.0000005	-291386.590380292	246672.331966558	-246666.26143408	-291380.579475043	249201.004076117	-249200.944448888
55044400.0000005	-248236.951559836	248236.292830321	31208.2532658582	-249225.198704303	249225.18417073	31207.6090699153
55158600.0000005	-248531.259059351	248531.771038184	-23792.5690104234	-249235.496516534	249235.517318869	-23792.0778339255
55272800.0000005	-248808.115760808	248807.2042265	41613.8724920716	-249247.630469316	249247.577921419	41613.0135056608
55387000.0000005	-248955.96576296	248953.495965334	108284.974145986	-249254.026552892	249253.791953149	108282.738948103
55501200.0000005	-248814.251904658	248810.737356529	169842.607820842	-249233.004378254	249232.995650036	169839.102000931
55615400.0000005	-248269.151997356	248264.445303583	223540.907108679	-249222.578564279	249222.485991908	223536.292987277
55729600.0000005	-247148.850830993	247143.15365878	272758.108430315	-249206.076880189	249206.009221428	272752.478916863
55843800.0000005	-248393.62799217	18531.3683750658	248393.232799951	-249229.160366135	18530.985853074	249229.147695908
55958000.0000005	-248661.840430484	53865.3183658332	248660.670464178	-249240.378914057	53864.2064208178	249240.320892767
56072200.0000005	-248956.073874011	-12927.898362387	248956.354253642	-249257.21478091	-12927.631511687	249257.22830984
56186400.0000005	-249169.071665072	-81072.0123594407	249171.600524772	-249265.594170776	-81070.3388831061	249266.449554141
56300600.0000005	-250474.030054075	-144821.297703078	250480.317078772	-250617.64298847	-144818.308345241	250620.94065533
56414800.0000005	-248743.555202663	-200708.066906877	248747.407279912	-249222.52312892	-200703.924024042	249222.232323334
56529000.0000005	-247891.23874151	-252718.527893611	247896.537937683	-249215.418648689	-252713.311679152	249215.501630404
56643200.0000005	-80648.374975329	-248632.707585984	248634.437764281	-80646.7102460231	-249236.591867957	249236.657316948
56757400.0000005	-82981.8589271392	-248855.938323356	248857.77622162	-82980.1459635457	-249249.085846032	249249.210780702
56871600.0000005	-15242.9786584164	-249161.927680774	249162.36902828	-15242.6640041508	-249278.790108172	249278.916801413
56985800.0000005	52520.4945415384	-250780.864321505	250779.561536566	52519.4104215782	-250706.798390018	250706.579725039
57100000	117794.354451876	-250852.971481405	250850.234542998	117791.922965975	-250724.492427318	250724.186974812
57214199.9999995	179252.235996461	-250579.004322637	250574.160192548	179248.535956675	-250685.927858375	250684.783768072
57328399.9999995	230018.018957861	-248506.83358813	248502.098057851	230013.27117264	-249222.561752	249222.574006941
57442599.9999995	278266.00812818	-247293.292772163	247287.478713599	278260.265143012	-249207.453158457	249207.382085061
57556799.9999995	248493.166576275	-248493.503085081	15675.3955002649	249231.881375254	-249231.8943145	15675.0719307047
57670999.9999995	248775.990158862	-248776.944038942	43319.1540732651	249245.716434185	-249245.776075519	43318.2598345189
57785199.9999995	249070.126164614	-249069.579258117	-23806.1156370531	249267.937116485	-249267.881608895	-23805.6242381472
57899399.9999995	250545.524195915	-250540.565242304	-89921.3098208367	250600.987545968	-250597.884733579	-89919.4536796152
58013599.9999995	250488.820312839	-250482.610898812	-153588.744402249	250630.137943215	-250627.098856685	-153585.574074751
58127799.9999995	248686.908909817	-248682.748049745	-208572.877980738	249223.856161622	-249224.000507365	-208568.572774923
58241999.9999995	247745.504963422	-247740.067892946	-259552.097829985	249213.262037912	-249213.182156288	-259546.740641132
58356199.9999995	248611.57620696	-64255.8242962363	-248610.198750308	249235.746641043	-64254.4979377088	-249235.695542919
58470399.9999995	248852.863607571	-72467.7847633843	-248851.256067315	249249.342977095	-72466.2888327015	-249249.231367521
58584599.9999995	249159.435497582	-5526.85689913251	-249159.238873484	249279.023984852	-5526.7428060279	-249278.941453858
58698799.9999995	250758.693436794	64091.2139477061	-250760.306447503	250702.601708557	64089.8909862061	-250702.891757766
58812999.9999995	250797.85676408	125364.336757457	-250800.84505433	250717.28039473	125361.749017265	-250717.680944786
58927199.9999995	250447.366662937	186511.353883007	-250454.120459168	250637.401245564	186507.504012974	-250640.305171762
59041399.9999995	248330.759027662	238727.482992881	-248335.729003389	249220.244580083	238722.555471549	-249220.287034479
59155599.9999995	247004.318581863	285387.099875252	-247010.273503813	249204.276641346	285381.210538546	-249204.342226591
59269799.9999995	-7613.61197767148	248391.573032924	-248391.413589571	-7613.45481860957	249228.982294698	-249228.980010407
59383999.9999995	33301.9432820809	248682.702483406	-248683.426911511	33301.2558179676	249241.425057436	-249241.462021428
59498199.9999995	-32930.8316925477	248971.42324378	-248970.682800144	-32930.1519412138	249258.521296466	-249258.460604164
59612399.9999995	-100372.047916196	249107.479507302	-249105.614430983	-100369.976053858	249230.280315384	-249230.487101405
59726599.9999995	-154507.845842075	250631.346662077	-234185.367791012	-154504.656548338	250623.326219089	-234180.536641761
59840799.9999995	-216764.887995527	248496.687521116	-248522.657580069	-216760.41371788	248960.786043098	-248991.230379698
59954999.9999995	-266456.367879426	247720.492554682	-247714.914106581	-266450.868293792	249212.706282194	-249212.627419727
60069199.9999995	-248641.972030011	248643.118018303	-53345.6975621258	-249236.683476019	249236.728310138	-53344.5964079523
60183399.9999995	-248898.611879317	248899.982840712	-61118.4467628839	-249252.426146358	249252.535455628	-61117.1851107593
60297599.9999995	-249212.984281685	249212.998907498	2998.58187821576	-249289.523740479	249289.600256596	2998.51998791166
60411799.9999995	-250807.371153988	250805.609577072	72928.0582639695	-250713.886360422	250713.630153914	72926.5528935617
60525999.9999995	-250794.706056863	250791.494517417	136199.460920355	-250719.052419149	250718.652272072	136196.649527985
60640199.9999995	-250299.766850767	250285.32603966	194848.429082518	-250547.812648869	250537.393782762	194844.407137517
60754399.9999995	-248190.442262347	248185.278857021	246828.513272895	-249218.854649322	249218.78592854	246823.418588352
60868599.9999995	-246747.055135752	246740.963302557	292434.741936194	-249201.6081696	249201.547348424	292428.710924175
60982799.9999995	-248285.579864137	-28874.304154535	248286.189685573	-249226.305561731	-28873.7081355546	249226.319364186
61096999.9999995	-248588.277526688	22276.9758425834	248587.796724961	-249237.596960041	22276.5159536607	249237.576047237
61211199.9999995	-248868.805484873	-43032.429879239	248869.757212834	-249251.182564742	-43031.5416110386	249251.246024503
61325399.9999995	-249016.846198271	-109942.210129203	249019.411831616	-249256.146426953	-109939.940723289	249256.442654385
61439599.9999995	-248856.453526852	-171415.730232375	248859.435639413	-249219.9130853	-171412.191942247	249219.356907734
61553799.9999995	-248312.694224544	-225141.907166531	248317.425299323	-249222.608720093	-225137.260003972	249222.692632313
61667999.9999995	-247171.831024419	-274477.55186451	247177.56440623	-249206.250138433	-274471.886907085	249206.318562818
61782199.9999995	-18682.0851838962	-248421.715559485	248422.114249926	-18681.6995508495	-249229.893922981	249229.906980375
61896399.9999995	-51943.4640892513	-248696.736826533	248697.868764545	-51942.391816451	-249241.90807793	249241.967743142
62010599.9999995	14937.2439510665	-249001.58285178	249001.256412928	14936.9356234373	-249260.967050732	249260.94893951
62124799.9999995	84979.3357086663	-245693.543119623	249308.110744516	84977.5815780582	-245688.433911466	249304.755666967
62238999.9999996	146879.034312509	-250645.747791136	250641.959993003	146876.002480635	-250695.462296669	250694.70633041
62353199.9999996	202763.729075965	-248791.517068382	248790.125901104	202759.54376535	-249184.124386209	249186.918529546
62467399.9999996	254572.537852722	-247961.130918676	247955.795998395	254567.28338775	-249216.009311465	249215.928856156
62581599.9999996	248679.182985292	-248680.942341351	81809.3824342024	249238.241537438	-249238.31219878	81807.6937394849
62695799.9999996	248914.835941359	-248916.643293021	80732.7725558039	249252.630781949	-249252.771599817	80731.1060220109
62809999.9999995	249237.943486396	-249238.445000317	13040.4412897191	249293.539764401	-249293.772089019	13040.1721004164
62924199.9999995	250858.012788384	-250856.723518821	-55086.6417762102	250721.86985069	-250721.717671254	-55085.5046860833
63038399.9999995	250919.615543041	-250916.886856655	-120421.928063193	250732.510573099	-250732.267609661	-120419.442340246
63152599.9999995	250652.330307364	-250647.801224583	-181961.926198346	250703.216850799	-250702.44373694	-181958.170229424
63266799.9999995	248530.823435565	-248526.191154477	-232139.011085224	249217.731527928	-249217.890800874	-232134.21953119
63380999.9999995	247300.20501336	-247294.348799321	-280274.013187006	249207.568970498	-249207.497084431	-280268.228859035
63495199.9999995	248510.357182958	-13515.397085377	-248510.066332106	249232.388665519	-13515.1181021956	-249232.376797849
63609399.9999995	248800.878997886	-40538.843119758	-248799.983181958	249247.067028334	-40538.0062738971	-249247.008058266
63723599.9999995	249104.302524658	26419.8379927362	-249104.918106953	249272.071258672	26419.2926413482	-249272.141489579
63837799.9999995	250631.85165021	93117.7646705174	-250634.850108305	250662.925929842	93115.8425489106	-250664.00226633
63951999.9999995	250522.144331172	156485.89859135	-250527.428594356	250651.147823694	156482.668463861	-250653.20195939
64066199.9999995	248676.599649612	211488.386348057	-248680.768590309	249222.189302267	211484.020969104	-249221.992864011
64180399.9999995	247715.953420302	261642.157868697	-247721.433563808	249212.89978079	261636.757572884	-249212.979628484
64294599.9999995	60306.5855409689	248616.177823824	-248617.471273811	60305.3407016305	249235.871915506	-249235.920526154
64408799.9999995	69326.4173869102	248868.957926367	-248870.501464658	69324.9863016617	249250.334184182	-249250.446637224
64522999.9999995	2337.262608918	249186.265206774	-249186.401576675	2337.21435556521	249283.728550925	-249283.816667472
64637199.9999995	-67709.1578423414	250791.824170086	-250790.172748531	-67707.7601997104	250710.60341553	-250710.349636606
64751399.9999995	-128597.440655373	250820.476041118	-250817.454220932	-128594.786179579	250721.214666617	-250720.847322225
64865599.9999995	-189265.210302063	250463.763242186	-250457.230742906	-189261.303592471	250646.840829089	-250644.215039401
64979799.9999994	-241500.382670502	248312.353119372	-248307.328653241	-241495.397928943	249219.544598674	-249219.504874102
65093999.9999994	-287982.66434991	246955.637912774	-246949.630666665	-287976.721907266	249203.761665565	-249203.696862099
65208199.9999994	-248378.5001924	248378.225608936	13037.7728553666	-249228.645250364	249228.639790722	13037.5037315451
65322399.9999994	-248681.181140289	248681.820004873	-29355.5185330597	-249241.365589594	249241.398451874	-29354.9125307551
65436599.9999994	-248973.321810256	248972.485290394	37035.7082645364	-249258.666258307	249258.594222484	37034.9437804964
65550799.9999994	-249085.530826357	249084.575630633	104536.06644659	-249210.344124625	249211.546743443	104533.908632049
65664999.9999994	-250633.627045816	233329.534590955	157019.85634216	-250625.406837598	233324.555525855	157016.615199041
65779199.9999994	-248522.709947627	248539.248399001	219881.943375158	-249011.43482252	249032.511882786	219877.404766265
65893399.9999994	-247665.009182455	247659.375749789	269157.324695188	-249211.97698593	249211.898830747	269151.769417704
66007599.9999994	-248637.176762194	47069.5699496136	248636.16544354	-249236.478901488	47068.5983460703	249236.439186378
66121799.9999994	-248903.40295317	57252.0664001796	248902.11691849	-249252.89925554	57250.8845587953	249252.795062244
66235999.9999994	-249228.993911244	-7469.84561651467	249229.079636875	-249293.234950401	-7469.69143047005	249293.166489987
66350199.9999994	-250819.430191811	-77028.8624663467	250821.263620844	-250716.786605224	-77027.2724478486	250717.030015758
66464399.9999994	-250792.018045754	-140293.428683783	250795.316151432	-250719.311451094	-140290.532786788	250719.713659777
66578599.9999994	-250215.925553738	-198010.951990131	250236.5198361	-250484.972348197	-198006.864772438	250501.479412867
66692799.9999994	-248135.671344587	-250033.720149318	248140.902648712	-249217.954806933	-250028.559329755	249218.025291496
66806999.9999994	-96371.6718720469	-248740.096982153	248742.176174605	-96369.6825869587	-249240.552667701	249240.642575065
66921199.9999994	-86729.2747807048	-248961.882880943	248963.840150825	-86727.4844686637	-249255.511573343	249255.678531184
67035399.9999994	-18349.2341860448	-249289.337400939	249290.184978698	-18348.8554118865	-249306.781905811	249307.250709412
67149599.9999994	47361.7560131648	-250913.438446788	250912.349630472	47360.7783793273	-250729.134760804	250729.023578325
67263799.9999993	114354.695063216	-250993.041302476	250990.494983813	114352.3345767	-250739.162638298	250738.976806151
67377999.9999993	175397.789644594	-250769.12496075	250765.038352002	175394.169162758	-250721.089981698	250720.623854787
67492199.9999993	228495.395306256	-248650.711122881	248647.495773799	228490.678937617	-249193.063720899	249194.564740456
67606399.9999993	276661.876621913	-247500.74860856	247494.963190716	276656.166682865	-249209.862533934	249209.787055138
67720599.9999993	248584.827886788	-248585.459461795	29414.3821742076	249234.774567163	-249234.798974346	29413.7750063831
67834799.9999993	248866.666591551	-248867.724816419	47358.0878683141	249250.69790166	-249250.778519117	47357.1102609026
67948999.9999993	249177.409952977	-249176.947613098	-19782.4287238006	249283.272745337	-249283.218747398	-19782.0203818598
68063199.9999993	250745.590889584	-250743.364513258	-87126.0848628554	250701.779522835	-250701.351589553	-87124.2864198117
68177399.9999993	250672.226239595	-250668.372645159	-150732.035536974	250699.033472383	-250698.291239951	-150728.92417497
68291599.9999993	248766.965321624	-248766.670470574	-206213.646346413	249168.651928843	-249172.613591808	-206209.389832398
68405799.9999993	247911.111030494	-247905.708466638	-257845.11390418	249215.288567242	-249215.207983017	-257839.791924549
68519999.9999993	248677.176933996	-74677.4567777026	-248675.570826828	249238.150925208	-74675.9152980404	-249238.086297702
68634199.9999993	248918.182065522	-76857.7314436667	-248916.459076771	249253.112134349	-76856.1449022158	-249252.975687049
68748399.9999993	249239.521245504	-8789.02569731874	-249239.130630873	249294.475662085	-8788.84426586285	-249294.266478909
68862599.9999993	250850.160829142	59690.9837324994	-250851.561806423	250720.880228311	59689.7516000159	-250721.049073108
68976799.9999993	250893.975425786	124295.414382011	-250896.808398103	250730.095444005	124292.848704883	-250730.362739194
69090999.9999993	250593.877061396	184930.079144869	-250598.719764246	250691.152811439	184926.261913179	-250692.178282599
69205199.9999993	248448.198195099	236282.222220519	-248453.035703625	249219.575306362	236277.345162224	-249219.535756594
69319399.9999993	247162.168216951	283220.435414258	-247168.081974317	249205.976585624	283214.590542036	-249206.045470769
69433599.9999992	3263.38206882716	248459.363729062	-248459.435645757	3263.31470643768	249230.864680916	-249230.869235221
69547799.9999992	36419.3439581188	248753.128071342	-248753.927430468	36418.5921461362	249244.655216762	-249244.702763906
69661999.9999992	-30571.1953759708	249051.039287035	-249050.336068195	-30570.5643323208	249265.87489924	-249265.802724051
69776199.9999992	-97443.9707404817	250420.733742805	-250409.017672551	-97441.9593186302	250503.921922744	-250494.217274341
69890399.9999992	-160308.445123775	250327.8242441	-250311.698935703	-160305.136095651	250517.498101338	-250504.681821064
70004599.9999992	-215487.40692788	248580.912214547	-248576.479464041	-215482.959013849	249224.278856181	-249224.294019706
70118799.9999992	-264094.510262745	247588.556057658	-247583.026891422	-264089.059400367	249211.496709366	-249211.418405508
70232999.9999992	-248571.8264373	248572.895214147	-49907.0029823412	-249234.350069931	249234.388673537	-49905.9728091007
70347199.9999992	-248828.288719399	248829.727633313	-65024.526301252	-249248.188822102	249248.285449075	-65023.1840143105
70461399.9999992	-249143.912299825	249143.916029259	1925.64879818479	-249276.806874495	249276.850345801	1925.60905631362
70575599.9999992	-250743.320338034	250741.486093381	71410.7546490082	-250699.136703588	250698.776509395	71409.2805985489
70689799.9999992	-250756.193916995	250752.954070601	133298.125326442	-250711.890943483	250711.402601628	133295.373821903
70803999.9999992	-250232.775969538	250210.977652831	192893.526151516	-250490.27021451	250472.45349483	192889.544554488
70918199.9999992	-248204.795326259	248199.674639146	244810.155524232	-249219.074327251	249219.006677122	244805.102487247
71032399.9999992	-246800.523165141	246794.457660085	291001.51635978	-249202.188302334	249202.126330067	290995.51282699
71146599.9999992	-248312.959738104	-24200.5233372385	248313.470713586	-249226.984251048	-24200.0237936429	249226.995682935
71260799.9999992	-248620.0437538	24711.1033932983	248619.509056897	-249238.831424475	24710.5932591725	249238.806861698
71374999.9999992	-248907.257174482	-41476.5615002661	248908.180893364	-249253.70514154	-41475.7053483074	249253.772708463
71489199.9999992	-249047.844827711	-109262.350561496	249050.407674973	-249252.792398112	-109260.095188782	249253.099872661
71603399.9999992	-248907.922679168	-168453.266902177	248909.95401374	-249210.39937744	-168449.789760815	249208.953570651
71717599.9999991	-248395.524059727	-223203.662238313	248400.1897593	-249222.593266448	-223199.055074677	249222.651802385
71831799.9999991	-247291.783470103	-272303.316199085	247297.474827034	-249207.661231428	-272297.696063069	249207.732452344
71945999.9999991	-25390.914847876	-248481.036235829	248481.579155183	-25390.3907319493	-249231.511325027	249231.530128454
72060199.9999991	-53179.0992764706	-248757.944347637	248759.11084557	-53178.0015012404	-249244.761516249	249244.830238952
72174399.9999991	12725.3055353827	-249071.483586801	249071.208683713	12725.0428663684	-249267.861883354	249267.84964928
72288599.9999991	81272.7100370705	-250626.0003253	250623.176197166	81271.0324179519	-250652.008658404	250650.862149389
72402799.9999991	144699.70657095	-250617.258756404	250613.1813465	144696.719723044	-250681.663064445	250680.572502447
72516999.9999991	201493.048922878	-248799.404316918	248798.000755904	201488.889837249	-249185.055500423	249187.811025038
72631199.9999991	253313.010335847	-247988.770399752	247983.463040118	253307.781857062	-249216.261254376	249216.182373527
72745399.9999991	248690.404157703	-248692.224997787	84620.9474066088	249238.62896394	-249238.703073612	84619.2006761959
72859599.9999991	248927.71775993	-248929.561647402	82185.1513849774	249253.394550562	-249253.5419239	82183.4548708424
72973799.9999991	249255.469908185	-249256.01871593	12778.9555302479	249297.929937655	-249298.214952891	12778.6917377393
73087999.9999991	250881.709500973	-250880.514658984	-51437.8687923595	250725.169645868	-250725.036576598	-51436.8070196411
73202199.9999991	250952.178056709	-250949.509984646	-118821.056159475	250735.683516686	-250735.468123733	-118818.603480365
73316399.9999991	250708.695063418	-250704.391066995	-179270.95511044	250712.571210829	-250711.967639736	-179267.254685109
73430599.9999991	248580.16428213	-248575.867174918	-232327.358031785	249209.451194792	-249209.949536561	-232322.562582804
73544799.9999991	247370.576815277	-247364.728607852	-279823.59988946	249208.349001386	-249208.275822616	-279817.824860805
73658999.9999991	248545.113490502	-18274.9925781824	-248544.720623181	249233.453859195	-18274.6153480635	-249233.438221993
73773199.9999991	248835.93808324	-42090.5985302916	-248835.00309973	249249.011913064	-42089.7296540407	-249248.945805805
73887399.999999	249144.010017808	25066.4100003099	-249144.604274132	249277.710452959	25065.8925864148	-249277.787295388
74001599.999999	250700.406151762	91381.3423755132	-250702.898332333	250689.543052005	91379.4560966829	-250690.148953745
74115799.999999	250606.718994615	155211.345772655	-250610.993601831	250683.351816834	155208.141952941	-250684.422604337
74229999.999999	248727.400771453	210418.11130437	-248730.914113056	249210.190312434	210413.768014419	-249209.360364087
74344199.999999	247786.560814575	261424.732465556	-247792.036826736	249213.66308967	261419.336647047	-249213.743283322
74458399.999999	63561.3768481404	248649.966837395	-248651.332501125	63560.0648238211	249237.057872633	-249237.111512043
74572599.999999	72111.1493917846	248901.433755114	-248903.047383241	72109.6608306082	249252.329805125	-249252.454872075
74686799.999999	3753.4075368586	249229.161283482	-249229.394897756	3753.33005083607	249292.181008723	-249292.337136974
74800999.999999	-64923.2936406618	250838.278744422	-250836.748588157	-64921.9535034556	250719.30870004	-250719.118680982
74915199.999999	-129108.00102874	250871.159939623	-250868.193936969	-129105.336013203	250727.713056621	-250727.412069504
75029399.999999	-188757.385223373	250542.366598181	-250537.0289398	-188753.488996346	250677.763346351	-250676.321914996
75143599.999999	-240995.87704233	248369.371952109	-248364.388395537	-240990.902711368	249219.313329504	-249219.304103894
75257799.999999	-287214.499336326	247027.018530101	-247021.025659306	-287208.572634241	249204.495022321	-249204.428853611
75371999.999999	-248411.211049709	248411.021699624	9024.56013346177	-249229.514756418	249229.511689987	9024.37384980783
75486199.999999	-248715.502488042	248716.181287158	-31075.0384801598	-249242.899305485	249242.936610255	-31074.3969858137
75600399.999999	-249013.412707335	249012.59204708	35929.2512616818	-249262.15941347	249262.080397722	35928.5096171755
75714599.999999	-247584.217543535	247287.97711372	102851.785421984	-247612.22708296	247318.10970137	102849.662373759
75828799.999999	-250485.35754058	250479.711620941	165522.107753019	-250648.057428707	250645.828151377	165518.69111071
75942999.999999	-248573.069466629	248568.564764753	220011.300917068	-249223.263207411	249223.299784333	220006.759638271
76057199.999999	-247519.99769286	247514.386063547	268216.503263305	-249210.373511717	249210.297744611	268210.967401098
76171399.9999989	-248565.516836808	41212.8907776516	248564.634108081	-249234.08661008	41212.0400668198	249234.054592185
76285599.9999989	-248837.127606852	59320.1091763672	248835.812246864	-249248.811243364	59318.8846422122	249248.720417531
76399799.9999989	-249156.398721528	-7510.37933856026	249156.532966846	-249279.090683132	-7510.2243164369	249279.069906327
76513999.9999989	-250756.182940577	-76595.0249340168	250758.12101207	-250703.049278756	-76593.443870731	250703.406286964
76628199.9999989	-250739.4801352	-139631.095569913	250742.86510345	-250710.939395008	-139628.21334438	250711.442137725
76742399.9999989	-247173.956190303	-197128.101201024	249084.778181918	-247417.048176893	-197124.032205363	249323.801172846
76856599.9999989	-248164.503413237	-249744.148063361	248169.713776023	-249217.391909068	-249738.993220163	249217.447428656
76970799.9999989	-99250.7102160937	-248751.716500712	248753.859011454	-99248.6615034572	-249241.032321518	249241.126119623
77084999.9999989	-87550.5970240193	-248976.892623706	248978.874737224	-87548.789756883	-249256.448279958	249256.62312634
77199199.9999989	-19765.1804002667	-249316.053055698	249317.141678262	-19764.7723983394	-249316.018447323	249316.699067959
77313399.9999989	47986.0094456048	-250937.210825516	250936.117517711	47985.0189261492	-250731.930680747	250731.827892398
77427599.9999989	114930.671728417	-251016.038210076	251013.491104621	114928.299352867	-250741.107167893	250740.932437988
77541799.9999989	174450.553278484	-250802.946041792	250798.923886911	174446.952349262	-250724.849965325	250724.428739667
77655999.9999989	227953.594827721	-248660.116579404	248659.106824887	227948.889639402	-249163.510529754	249167.205963557
77770199.9999989	275894.165124706	-247547.22110024	247541.451175816	275888.471008964	-249210.360765945	249210.284957263
77884399.9999989	248614.204208539	-248614.890686352	31933.2746982998	249235.632566241	-249235.659881525	31932.61553577
77998599.9999989	248901.481337654	-248902.549070745	47432.3916526616	249252.915671607	-249253.004264399	47431.4125123633
78112799.9999989	249223.117226635	-249222.666507828	-19057.074575093	249293.097366111	-249293.04001663	-19056.6812057665
78226999.9999989	250792.680246934	-250790.555491914	-87575.0586439598	250712.56703945	-250712.249995186	-87573.2509332039
78341199.9999988	250715.557857132	-250711.852081608	-151381.679905988	250708.491734823	-250707.910730753	-151378.555134534
78455399.9999988	248731.615921722	-248741.900244431	-205322.656234676	249087.599391101	-249102.12183632	-205318.418112166
78569599.9999988	247963.5476495	-247958.15833672	-257327.503435014	249215.720372174	-249215.642363327	-257322.192131081
78683799.9999988	248703.497592611	-78047.4843850883	-248701.816780795	249239.096361412	-78045.873342124	-249239.026592561
78797999.9999988	248948.33042852	-76269.4776572083	-248946.608719988	249255.078835563	-76267.9032576719	-249254.931526567
78912199.9999988	249281.316042145	-7794.31374314658	-249280.808755071	249306.351709894	-7794.15284442928	-249306.005321538
79026399.9999988	250887.967187533	58615.0447058255	-250889.319600671	250726.35330029	58613.8347826797	-250726.495790284
79140599.9999988	250930.566467011	124233.543194286	-250933.365996985	250734.001011769	124230.978793969	-250734.236141427
79254799.9999988	250645.109057519	184287.508063959	-250649.713977224	250701.868213698	184283.704095624	-250702.669165067
79368999.9999988	248488.561389457	236529.993212982	-248493.302276489	249216.901199192	236525.111038822	-249216.759912064
79483199.9999988	247206.080384696	283457.310501696	-247211.999873139	249206.418260981	283451.460762534	-249206.488010262
79597399.9999988	5124.3135074503	248485.010921398	-248485.122706796	5124.20773194432	249231.59360644	-249231.599616332
79711599.9999988	35944.9131921928	248781.721504027	-248782.513485179	35944.1711744902	249246.104877239	-249246.154840689
79825799.9999988	-31562.7783453638	249079.499629027	-249078.760483097	-31562.1268335641	249269.040481164	-249268.952847035
79939999.9999988	-96347.7020330558	250569.520190941	-250565.128162217	-96345.7132403304	250624.675551694	-250622.272315695
80054199.9999988	-160192.980870417	250453.058853111	-250445.80800274	-160189.674225008	250614.890092116	-250610.945887155
80168399.9999988	-214688.738716348	248616.251323639	-248611.890527406	-214684.307286916	249223.472357823	-249223.542991022
80282599.9999988	-265309.805296409	247613.556353689	-247608.002287717	-265304.329346722	249211.558919282	-249211.480802997
80396799.9999988	-248588.605358222	248589.685752693	-50412.4201314892	-249234.935924031	249234.97571257	-50411.3795255577
80510999.9999988	-248848.379358839	248849.829070503	-65315.504913067	-249249.330856186	249249.432277269	-65314.156622487
80625199.9999987	-249166.721406826	249166.730245427	2131.44930092098	-249280.471635635	249280.524464081	2131.40531107746
80739399.9999987	-250771.838402489	250770.069754982	70996.5834023429	-250706.319346133	250706.01619982	70995.1179011487
80853599.9999987	-250785.012317128	250781.820328282	133995.883318187	-250716.793865388	250716.367784119	133993.117410611
80967799.9999987	-250345.82811349	250334.865697423	193212.151333843	-250581.612346632	250574.638103592	193208.163160817
81081999.9999987	-248222.170085668	248217.046620155	245269.133073362	-249218.91738598	249218.856428808	245264.070565022
81196199.9999987	-246812.571422665	246806.497500154	291411.628613643	-249202.293419289	249202.231182555	291405.616927867
81310399.9999987	-248324.462162132	-25449.126126	248324.999482559	-249227.248072884	-25448.6008089345	249227.260076245
81424599.9999987	-248630.869962855	26173.4298797876	248630.304216112	-249239.275215192	26172.8895644563	249239.249783781
81538799.9999987	-248918.541143649	-41707.810862339	248919.471994018	-249254.492536437	-41706.949937144	249254.56246161
81652999.9999987	-249069.953525258	-108070.653118461	249072.503024411	-249254.366164157	-108068.422344569	249254.684889418
81767199.9999987	-248863.856618917	-170390.579738311	248860.962535852	-249153.708382948	-170387.062607364	249147.297168935
81881399.9999987	-248405.368325619	-223966.729859091	248410.049759415	-249222.963333046	-223962.106949884	249223.021857634
81995599.9999987	-247294.565775103	-272801.756753261	247300.267385507	-249207.662232484	-272796.126347549	249207.733437175
82109799.9999987	-25307.5401934324	-248484.379966055	248484.921111032	-25307.0177985419	-249231.613568241	249231.632318328
82223999.9999987	-53044.7895686391	-248763.132660575	248764.296979346	-53043.6945661269	-249245.019180972	249245.088497231
82338199.9999987	12956.0845706218	-249079.497422904	249079.217612972	12955.8171378882	-249268.763860458	249268.75148326
82452399.9999987	81899.9208340484	-250647.964880095	250645.337189841	81898.2302681528	-250663.814742793	250662.877618434
82566599.9999987	145043.502982266	-250625.684529888	250621.718462757	145040.509038128	-250686.081539948	250685.109416955
82680799.9999987	202576.314347864	-248802.915038733	248801.296932332	202572.132903239	-249187.90306358	249190.466401806
82794999.9999986	254554.209542018	-247974.165927955	247968.834984425	254548.95545415	-249215.811307352	249215.73445169
82909199.9999986	248682.387216132	-248684.206484006	84600.1848249861	249238.420941348	-249238.493908288	84598.4385240524
83023399.9999986	248921.91288933	-248923.751145013	82020.8140972326	249252.96850908	-249253.113640102	82019.1209725713
83137599.9999986	249251.080020402	-249251.638790158	13739.4844093403	249296.812833151	-249297.087983627	13739.2007900603
83251799.9999986	250880.819849403	-250879.569603618	-53791.515603886	250725.031242238	-250724.891352738	-53790.4052476016
83365999.9999986	250950.601782187	-250947.909962383	-119846.419334786	250735.619121683	-250735.401145668	-119843.945490997
83480199.9999986	250703.60723201	-250699.275317313	-180002.06486484	250711.918532564	-250711.302133356	-179998.349349352
83594399.9999986	248572.052456738	-248567.693199789	-232864.395029887	249210.449270112	-249210.896544311	-232859.588498739
83708599.9999986	247354.800521027	-247348.946867983	-280108.676340183	249208.158778168	-249208.086010561	-280102.895454746
83822799.9999986	248540.84334158	-17373.969847298	-248540.469894106	249233.291339232	-17373.6112160016	-249233.276523054
83936999.9999986	248835.866878003	-41371.455626471	-248834.947483491	249249.005059946	-41370.6015939346	-249248.939697971
84051199.9999986	249146.563123524	25299.9737188568	-249147.166742752	249278.130514186	25299.4514836427	-249278.2118982
84165399.9999986	250701.684243741	93163.5595007183	-250704.199020682	250690.601268509	93161.6364336864	-250691.192978418
84279599.9999986	250599.831721953	157010.370101959	-250604.186403104	250681.934950346	157007.129148611	-250683.048678149
84393799.9999986	248724.114934696	210213.824664547	-248727.806431876	249214.066687147	210209.485593975	-249213.419113754
84507999.9999986	247779.122631692	261711.810323176	-247784.605002136	249213.603456338	261706.408578529	-249213.684082136
84622199.9999986	63815.8746193604	248647.026173106	-248648.396943797	63814.5573419544	249236.980491692	-249237.033984977
84736399.9999986	70216.1111165383	248904.742720932	-248906.316427061	70214.6616686139	249252.470689922	-249252.594948127
84850599.9999986	2287.21144812783	249236.16638081	-249236.371494188	2287.16422758049	249294.1368207	-249294.294713531
84964799.9999985	-65604.2519235751	250845.178186388	-250843.637493322	-65602.8977301068	250720.475698402	-250720.289198804
85078999.9999985	-130347.290641397	250873.935367734	-250870.94712016	-130344.600045041	250728.210648916	-250727.912997697
85193199.9999985	-189847.629396424	250537.47014162	-250532.074986546	-189843.710666818	250676.803007898	-250675.32658243
85307399.9999985	-241086.887326829	248367.46430492	-248362.467610942	-241081.911121556	249219.966418513	-249219.945929808
85421599.9999985	-287850.311392144	247018.845489865	-247012.839712984	-287844.371600384	249204.367651898	-249204.301666777
85535799.9999985	-248410.470617873	248410.261012939	9978.07815364937	-249229.506691975	249229.50305308	9977.87218761022
85649999.9999985	-248720.079567577	248720.722618314	-29391.2267572172	-249243.105348287	249243.14166127	-29390.6200194642
85764199.9999985	-249018.035956393	249017.152416824	38482.7389429422	-249262.574131683	249262.484945504	38481.9445895519
85878399.9999985	-250634.17757828	242229.366612787	98675.2987015727	-250627.067996366	242224.293868411	98673.2618640349
85992599.9999985	-250542.565719818	250537.782724256	166389.319079483	-250673.614651191	250672.266198509	166385.884536603
86106799.9999985	-248599.043591896	248594.617704173	219738.973144848	-249221.578932236	249221.688700704	219734.437488657
86220999.9999985	-247539.186976229	247533.545661667	269617.748464896	-249210.539556908	249210.463022536	269612.183684706
86335199.9999985	-248583.4143403	41032.0437068442	248582.534664707	-249234.69816821	41031.1967289944	249234.665470467
86449399.9999985	-248859.430342532	57930.9260343437	248858.140613562	-249250.142182015	57929.7301769306	249250.048310458
86563599.9999985	-249182.201260615	-9025.00556407255	249182.366258703	-249283.650648425	-9024.81927702507	249283.629359465
86677799.9999985	-250772.574731564	-78811.1605156254	250774.515623364	-250707.835904626	-78809.5337072546	250708.149988056
86791999.9999985	-250760.542722245	-139436.47398569	250763.907048921	-250713.353578271	-139433.595778352	250713.83969761
86906199.9999985	-250076.558419643	-198608.660750306	250115.500594166	-250364.668292938	-198604.561194358	250399.510911514
87020399.9999985	-248116.769307627	-250390.089213085	248122.009099169	-249217.718140863	-250384.921041849	249217.789761169
87134599.9999985	-95167.3829450132	-248739.893787402	248741.946799072	-95165.4185184344	-249240.487445568	249240.576030659
87248799.9999984	-85457.5440661166	-248970.363575452	248972.297202415	-85455.7800029617	-249256.12299051	249256.292554319
87362999.9999984	-19250.787048257	-249309.801284368	249310.822067761	-19250.3896652794	-249314.24308564	249314.866486055
87477199.9999984	49314.4911418605	-250932.185406144	250931.06059697	49313.4732000484	-250731.386202032	250731.279334671
87591399.9999984	115421.673758213	-251011.033219768	251008.4724614	115419.291247829	-250740.711556978	250740.533308994
87705599.9999984	176022.675034145	-250795.716178157	250791.649327717	176019.041654689	-250724.063101001	250723.629630016
87819799.9999984	229233.60267317	-248651.387160569	248649.743888558	229228.87106967	-249170.163910379	249173.252241868
87933999.9999984	276959.006191334	-247517.408942807	247511.617759314	276953.290144384	-249209.966164926	249209.891028382
88048199.9999984	248606.643010416	-248607.267363841	29039.637968949	249235.368531357	-249235.393452285	29039.0385364518
88162399.9999984	248898.99610681	-248900.000969996	44610.835783196	249252.773537098	-249252.857501242	44609.9148841541
88276599.9999984	249218.934945064	-249218.463526344	-19074.7202232964	249292.273726972	-249292.196042434	-19074.3264891149
88390799.9999984	250790.628478707	-250788.468020709	-88716.4320423472	250711.964275698	-250711.635088506	-88714.6007715422
88504999.9999984	250713.573039995	-250709.86448166	-151348.097131621	250708.324010547	-250707.7395299	-151344.973053934
88619199.9999984	248721.519168704	-248730.670764078	-207742.409822761	249090.777456151	-249104.217119295	-207738.121754992
88733399.9999984	247935.571693409	-247930.153445983	-258721.759376404	249215.374538903	-249215.296351219	-258716.419316662
88847599.9999984	248699.236315604	-75288.9684116229	-248697.615230758	249238.932735235	-75287.4143093172	-249238.865752695
88961799.9999984	248948.596364366	-74948.0979544782	-248946.903502726	249255.184096746	-74946.5508311947	-249255.038358389
89075999.9999984	249282.731427351	-6798.87153749503	-249282.24435548	249307.318536356	-6798.73118690108	-249306.971815079
89190199.9999984	250891.818252214	60541.6340684546	-250893.21564173	250726.791387501	60540.3843769005	-250726.939085464
89304399.9999984	250934.311026139	125757.031144741	-250937.141412215	250734.457365886	125754.435297578	-250734.691904799
89418599.9999983	250637.335807442	185666.932683929	-250641.97405862	250701.491346181	185663.100244078	-250702.297157508
89532799.9999983	248466.000465345	238122.323036735	-248470.810350047	249217.428764144	238117.408002559	-249217.323614671
89646999.9999983	247153.507690797	285148.600259398	-247159.460664991	249205.766887167	285142.715778624	-249205.835380588
89761199.9999983	2301.89826325935	248461.78175931	-248461.832850622	2301.85074773465	249230.944141811	-249230.947717598
89875399.9999983	34548.8144990166	248762.721709132	-248763.481598289	34548.1012973865	249245.130458863	-249245.177146389
89989599.9999983	-32119.7201807804	249063.608119611	-249062.861596795	-32119.0571724578	249267.232117636	-249267.148603143
90103799.9999983	-99225.3151471117	250520.776641057	-250514.79542944	-99223.2669552963	250590.660126537	-250586.727106735
90217999.9999983	-162210.238718906	250396.50468794	-250386.632562528	-162206.890436028	250578.623018174	-250572.09917564
90332199.9999983	-216108.21060991	248584.624216358	-248580.188152355	-216103.749885645	249224.180292326	-249224.204952588
90446399.9999983	-266383.014096049	247568.52169179	-247562.946233808	-266377.516016274	249211.027663796	-249210.950285589
90560599.9999983	-248578.262175124	248579.25946752	-46546.7264119708	-249234.551303764	249234.587785162	-46545.7656009735
90674799.9999983	-248840.409774334	248841.823634027	-63785.9498386402	-249248.965028206	249249.062170611	-63784.6331213537
90788999.9999983	-249164.625475123	249164.589123393	4012.98634651805	-249279.989018814	249280.03549558	4012.90351802373
90903199.9999983	-250767.709970669	250765.909825194	72466.899209014	-250706.012860393	250705.708566131	72465.4033578017
91017399.9999983	-250772.615236627	250769.346260709	136448.576674398	-250715.09572671	250714.643285499	136445.760139692
91131599.9999983	-250265.478955243	250248.68940728	195662.510180859	-250526.125866291	250513.37506646	195658.471432728
91245799.9999983	-248193.810689153	248188.665578933	245774.512990989	-249219.326462474	249219.254280124	245769.440063119
91359999.9999983	-246767.765065067	246761.666070635	292687.466837167	-249201.811980881	249201.750522588	292681.429301029
91474199.9999983	-248302.323865599	-28025.5574778664	248302.915763647	-249226.7432351	-28024.9789785532	249226.756633835
91588399.9999983	-248617.261803297	22850.8921660948	248616.767003065	-249238.718035636	22850.4204317084	249238.694969791
91702599.9999982	-248907.880090571	-44314.8502025377	248908.868324426	-249253.732055275	-44313.9354628845	249253.805549478
91816799.9999982	-249056.157071075	-109933.215200822	249058.719780714	-249253.458907983	-109930.945980849	249253.75239765
91930999.9999982	-248872.100889222	-172276.726498228	248872.550390652	-249184.383705156	-172273.170435973	249181.277144331
92045199.9999982	-248360.978620447	-225683.125735293	248365.701032131	-249222.23024475	-225678.467403969	249222.294325111
92159399.9999982	-247245.714524202	-273793.790351245	247251.436139492	-249207.246952403	-273788.139513503	249207.31772995
92273599.9999982	-21150.176117144	-248471.335794721	248471.788363115	-21149.7395379252	-249231.222732266	249231.238721441
92387799.9999982	-50931.6455951941	-248755.906342219	248757.023325625	-50930.5942119958	-249244.69283924	249244.758439448
92501999.9999982	15656.2051897046	-249074.8170555	249074.472944094	15655.8820211897	-249268.269721007	249268.248778115
92616199.9999982	85320.9434285686	-250631.270785264	250628.445920874	85319.1822466281	-250657.851740777	250656.788058328
92730399.9999982	146142.652142795	-250607.282881822	250603.08448087	146139.635512008	-250679.030910017	250677.849139853
92844599.9999982	204029.063097954	-248788.44465426	248786.110310488	204024.851668936	-249195.43828672	249197.315371967
92958799.9999982	255344.351959729	-247945.227696213	247939.87846535	255339.081574405	-249215.630438143	249215.551592605
93072999.9999982	248687.911418964	-248689.64175047	80429.9381283098	249238.476529566	-249238.546640413	80428.2779076502
93187199.9999982	248937.667319906	-248939.452704396	79321.589607245	249254.164592154	-249254.312571335	79319.9522019355
93301399.9999982	249275.20501152	-249275.804429475	11809.9487777805	249304.337217378	-249304.692846026	11809.7049884731
93415599.9999982	250899.544800945	-250898.236922451	-56756.3448380015	250727.610743868	-250727.474421331	-56755.1732820433
93529799.9999982	250958.164134902	-250955.415601521	-122729.817918659	250736.559669205	-250736.344497177	-122727.284557306
93643999.9999982	250704.580674941	-250700.215219373	-180972.296452555	250711.758576065	-250711.12866031	-180968.560912742
93758199.9999982	248558.005966454	-248553.598478605	-234780.008937289	249209.918280101	-249210.35685796	-234775.162871581
93872399.9999981	247317.020589909	-247311.135522303	-281684.148561703	249207.662390745	-249207.590606843	-281678.335278
93986599.9999981	248535.481163474	-13044.8672798502	-248535.200033632	249233.073826372	-13044.5980092937	-249233.061967086
94100799.9999981	248836.952119009	-37901.7884397524	-248836.109397431	249249.111430264	-37901.0060279633	-249249.051120475
94214999.9999981	249149.654001682	27293.0692532106	-249150.315380342	249278.659940897	27292.5058762657	-249278.757942613
94329199.9999981	250702.396910763	95498.2493993365	-250704.958603079	250691.492060316	95496.2781402778	-250692.082493573
94443399.9999981	250590.00990775	158152.107975955	-250594.450876132	250679.736086675	158148.843456716	-250680.912535817
94557599.9999981	248706.574958354	213075.211343434	-248710.492269579	249216.53048552	213070.813214399	-249216.04966771
94671799.9999981	247736.200057181	263608.807172663	-247741.72012588	249212.945285405	263603.366307729	-249213.024489168
94785999.9999981	58842.5388821364	248646.192296874	-248647.456421062	58841.3242631534	249236.862210418	-249236.911715622
94900199.9999981	67471.7366336521	248911.135839308	-248912.651023946	67470.3438364595	249253.059607194	-249253.18199464
95014399.9999981	-2228.93272050568	249241.238068166	-249241.327020666	-2228.88671921103	249296.117264482	-249296.252218277
95128599.9999981	-66439.673546177	250854.442781281	-250852.878561464	-66438.3021080571	250721.629837167	-250721.437055471
95242799.9999981	-132647.56001788	250876.0496255	-250873.019957999	-132644.821940348	250728.924246956	-250728.632656987
95356999.9999981	-191570.805666193	250525.480655785	-250519.938410966	-191566.851370781	250673.713697674	-250672.125748266
95471199.9999981	-243962.692950763	248332.123375805	-248327.0629108	-243957.657398842	249219.182251499	-249219.157338416
95585399.9999981	-290341.819517094	246948.378349383	-246942.323257135	-290335.829161192	249203.610251408	-249203.545515062
95699599.9999981	-248383.525535525	248383.195545505	15642.9907786895	-249228.815312287	249228.808222613	15642.6678783437
95813799.9999981	-248699.122734859	248699.703081196	-26568.4138917761	-249242.151604146	249242.1834806	-26567.8654218926
95927999.9999981	-248996.296243082	248995.370657667	40506.408409765	-249260.57552094	249260.486061524	40505.5722837643
96042199.9999981	-247650.024942697	248351.020897974	106547.739865989	-247716.501843112	248419.697136854	106545.540527524
96156399.999998	-250376.090758757	250366.479092804	168996.697593125	-250581.913468259	250575.790162919	168993.209232512
96270599.999998	-248502.985516006	248498.384512591	222438.268401395	-249223.017399615	249223.007760842	222433.677036753
96384799.999998	-247415.622492086	247409.933231092	272053.336279734	-249209.104170046	249209.029901206	272047.721287579
96498999.999998	-248540.132239124	30929.0229200675	248539.469492553	-249233.317025551	30928.3844871415	249233.292711906
96613199.999998	-248819.92638254	56257.7183656408	248818.683079152	-249247.991412574	56256.5570489102	249247.909425917
96727399.999998	-249144.067473219	-11901.0864242784	249144.312805496	-249277.224016621	-11900.8407694364	249277.223694057
96841599.999998	-250737.394110484	-80515.9209112979	250739.46335106	-250699.140806816	-80514.2589136594	250699.548049753
96955799.999998	-250714.21005951	-143860.416177016	250717.770169387	-250706.187715169	-143857.446653081	250706.778301112
97069999.999998	-249363.439735119	-212647.523298555	228739.225247288	-249362.898311909	-212643.133974083	228734.294499606
97184199.999998	-248345.573325274	-252776.835581936	248350.26823863	-249199.499306377	-252771.618172623	249198.976810419
97298399.999998	-104620.409404056	-248873.431484368	248875.710857804	-104618.249850602	-249246.275312976	249246.395132957
97412599.999998	-81933.8971553299	-249115.328480025	249117.285571301	-81932.2058374334	-249268.650515708	249268.916289088
97526799.999998	-16497.5696522394	-250828.330610402	250824.457072391	-16497.2291017264	-250742.071680578	250737.857592054
97640999.999998	52879.5744041243	-251030.812835243	251029.634258908	52878.4828721855	-250740.874086189	250740.787041793
97755199.999998	118367.780050923	-251093.114603754	251090.522983118	118365.336728604	-250746.811413695	250746.663115379
97869399.999998	179457.613294632	-250858.309023628	250854.250307538	179453.909016072	-250731.351284973	250730.996847443
97983599.999998	232648.673420856	-248608.968264131	248613.45966304	232643.87134058	-249106.879704725	249116.17318391
98097799.999998	278599.002459283	-247514.220661707	247508.394963063	278593.252704939	-249210.064705546	249209.988761246
98211999.999998	248615.228948677	-248615.793006855	26201.4856767038	249235.626426571	-249235.649636942	26200.944828896
98326199.9999979	248908.229240165	-248909.18329412	42279.7432520384	249253.47640598	-249253.557681434	42278.870473538
98440399.9999979	249235.958027218	-249235.363078276	-23893.3910259972	249296.524463911	-249296.422715612	-23892.8978253533
98554599.9999979	250800.46040978	-250798.239398324	-92256.6841713831	250714.486159602	-250714.169495771	-92254.7798237576
98668799.9999979	250704.37746114	-250700.577440948	-154805.787253163	250707.581107906	-250706.976535619	-154802.591805259
98782999.9999979	248754.031123268	-248754.779264801	-210648.205609849	249156.758200235	-249161.854381619	-210643.857569999
98897199.9999979	247867.342955217	-247861.87007257	-261361.334334377	249214.445238644	-249214.366864176	-261355.939826198
99011399.9999979	248682.447837596	-69366.4568515907	-248680.955686219	249238.283739269	-69365.0250005907	-249238.223438892
99125599.9999979	248941.61253568	-71415.6679466659	-248939.999913088	249254.822191785	-71414.193738448	-249254.683777411
99239799.9999979	249276.349201312	-3568.67085377191	-249275.98723503	249306.189207514	-3568.59718130053	-249305.900913702
99353999.9999979	250882.629917949	64854.5913112947	-250884.13193968	250725.675147038	64853.252592229	-250725.838449703
99468199.9999979	250909.553464653	129689.825975952	-250912.48690464	250732.354766383	129687.148950536	-250732.611180955
99582399.9999979	250588.961381452	188158.524525802	-250593.91351789	250690.454479346	188154.640660471	-250691.522750453
99696599.9999979	248409.420548857	240821.016339111	-248414.365557652	249218.900325414	240816.045614909	-249218.874610007
99810799.9999979	247062.901085906	287298.032053212	-247068.896193681	249204.76750213	287292.103599975	-249204.834156669
99924999.9999979	-5992.46563933433	248433.961394006	-248433.836269806	-5992.3419437464	249230.11730639	-249230.115877778
100039199.999998	30353.0591603558	248744.424682055	-248745.090794567	30352.4325680211	249244.257263792	-249244.296783969
100153399.999998	-36048.7990665083	249040.297668587	-249039.459072012	-36048.0549542126	249264.722468735	-249264.627984455
100267599.999998	-103109.656910462	250163.515629882	-250099.470340485	-103107.528539419	250248.791445636	-250186.874527281
100381799.999998	-166347.677158461	250275.143481934	-250255.861650677	-166344.243475342	250490.889045012	-250475.040896874
100495999.999998	-218186.589654509	248535.148982557	-248530.605118616	-218182.086039669	249225.765643751	-249225.725394649
100610199.999998	-268828.877132104	247486.756596959	-247481.13262141	-268823.328607895	249209.938794978	-249209.863343638
100724399.999998	-248553.612210955	248554.453449711	-39281.9446321013	-249233.75720457	249233.787590736	-39281.1337795113
100838599.999998	-248829.803078327	248831.116061992	-59270.255690372	-249248.38529804	249248.474776264	-59269.0321849307
100952799.999998	-249152.936977295	249152.771600414	8692.17499031769	-249278.568075448	249278.58211501	8691.99557387498
101066999.999998	-250754.366158253	250752.440382276	75876.7749660754	-250702.686673238	250702.327134491	75875.2087288449
101181199.999998	-250746.598235095	250743.197959049	140211.880894558	-250711.562765156	250711.056703293	140208.986680375
101295399.999998	-249825.081431675	249669.954683468	197745.927381648	-250109.211677355	249958.166676598	197741.845634199
101409599.999998	-248134.39920278	248129.172983689	249689.978064456	-249218.084949889	249218.012457182	249684.824338072
101523799.999998	-248744.508298659	96793.1752561038	248742.419881138	-249240.692742496	96791.1772704307	249240.602310648
101637999.999998	-248969.828751644	86880.3223569266	248967.864821856	-249256.140506463	86878.5289248992	249255.970008703
101752199.999998	-249311.144708255	19536.965106753	249310.142706259	-249313.473115269	19536.5618158932	249312.874404133
101866399.999998	-250931.640157517	-50285.4749648966	250932.783771107	-250731.430795945	-50284.4369802155	250731.536424853
101980599.999998	-251017.169207929	-112466.932525938	251019.664259928	-250741.053458334	-112464.611006864	250741.226991259
102094799.999998	-250805.721592634	-175598.076571793	250809.751233021	-250725.518334192	-175594.451954331	250725.923357117
102208999.999998	-248647.42144422	-228225.776477719	248647.379284347	-249155.49905294	-228221.065674454	249150.746089801
102323199.999998	-247543.584820605	-276564.066787077	247549.369549575	-249210.40811517	-276558.358858116	249210.484915179
102437399.999998	-31156.5924902972	-248621.456788646	248622.127124156	-31155.9493598478	-249235.903451967	249235.930657027
102551599.999998	-47103.9832430259	-248905.689698041	248906.749931094	-47103.0108828387	-249253.279754447	249253.367627312
102665799.999998	19636.6915009241	-249234.233226409	249233.789993899	19636.2861671989	-249295.553544558	249295.515645772
102779999.999998	88319.9154346793	-250801.681232471	250799.561956134	88318.09234876	-250714.695203816	250714.399013398
102894199.999998	150178.843420288	-250732.442594549	250728.789751773	150175.743477614	-250710.760970096	250710.208069994
103008399.999998	206964.233778957	-248458.895831523	248538.070159185	206959.961771543	-248794.321762003	248877.768097079
103122599.999998	257974.766314958	-247975.092143286	247969.692994108	257969.44166483	-249215.584154333	249215.509655284
103236799.999998	248714.751058661	-248716.431672576	77986.4333278589	249239.474749063	-249239.545580232	77984.8235451141
103350999.999998	248965.573425958	-248967.265824069	74561.4767700125	249256.29208554	-249256.445339949	74559.9376263097
103465199.999998	249309.040253252	-249309.775277551	9100.28381008138	249317.026181141	-249317.573350068	9100.09595470956
103579399.999998	250913.368235994	-250911.988760701	-60255.8424695858	250729.445845842	-250729.310162751	-60254.5986773845
103693599.999998	250956.405894709	-250953.610967681	-124776.936447438	250736.526001329	-250736.306690706	-124774.360831034
103807799.999998	250672.53329806	-250668.004561498	-184896.247188577	250707.304847571	-250706.592643932	-184892.430655654
103921999.999998	248502.769222185	-248498.063123414	-237519.549739029	249215.143367857	-249215.339865022	-237514.647143093
104036199.999998	247213.095246167	-247207.163910168	-284038.771111023	249206.474734992	-249206.405049635	-284032.909460381
104150399.999998	248490.520457443	-4788.11895359462	-248490.415870935	249231.732918988	-4788.02011778552	-249231.727168289
104264599.999998	248790.510566579	-34288.3535316329	-248789.753996719	249246.584920062	-34287.6457076753	-249246.536174159
104378799.999998	249092.581908109	30325.9072160646	-249093.295355869	249270.617383338	30325.2812352535	-249270.704850286
104492999.999998	250604.180557835	98555.8400372911	-250607.706445536	250649.186297943	98553.8056643943	-250650.677812747
104607199.999998	250466.430673871	161066.608385556	-250472.836844304	250627.439163766	161063.283708479	-250630.520657123
104721399.999998	248612.772750052	215959.385235673	-248617.173110233	249224.107592058	215954.927581174	-249224.050297739
104835599.999998	247588.524913337	266725.568836828	-247594.106880519	249211.05431377	266720.063686511	-249211.131130635
104949799.999998	49842.6535050409	248576.0094392	-248577.076675896	49841.6246605019	249234.618578965	-249234.656971121
105063999.999998	64330.4324090795	248842.970656507	-248844.398296557	64329.1044495739	249248.921836665	-249249.021517209
105178199.999998	-3259.41355464603	249159.049521896	-249159.020703542	-3259.34628136267	249279.509834088	-249279.548289018
105292399.999998	-71450.4108477484	250768.958634744	-250767.15475404	-71448.9359787283	250705.068546675	-250704.739534991
105406599.999998	-135746.220971137	250780.239691822	-250777.009102605	-135743.41893384	250716.564065319	-250716.135513399
105520799.999998	-193870.500161084	250312.213626831	-250299.326233756	-193866.498400979	250560.803287583	-250551.917654613
105634999.999998	-246354.292504676	248206.264100196	-248201.110629862	-246349.207602982	249219.123600683	-249219.055032043
105749199.999998	-292485.497102875	246785.155614486	-246779.061122118	-292479.464346274	249201.994750576	-249201.933014809
105863399.999998	-248308.005117656	248307.457101113	25943.6017284411	-249226.899953323	249226.887460702	25943.0662045196
105977599.999998	-248622.694717719	248623.206587534	-23608.3683861587	-249238.923175259	249238.947673904	-23607.881014989
106091799.999998	-248911.072915287	248910.108951306	43132.551544492	-249253.937932682	249253.864303456	43131.6612097364
106205999.999998	-249068.443955844	249065.851626002	109512.333397277	-249256.575413898	249256.243616522	109510.072864809
106320199.999998	-248854.226921217	248856.146425824	172094.74071678	-249154.192699022	249159.664509755	172091.188410654
106434399.999998	-248390.006895351	248385.312527292	224242.258088992	-249223.119064196	249223.053288476	224237.629496654
106548599.999998	-247276.396247714	247270.677517367	273639.412710879	-249207.493372051	249207.42232522	273633.765027362
106662799.999998	-248478.207416099	22710.6824634772	248477.721520398	-249231.460832596	22710.2136725065	249231.443727866
106776999.999998	-248765.325524106	52310.4866939218	248764.176838394	-249245.126036866	52309.4068503626	249245.057194714
106891199.999998	-249083.598170377	-15168.3725433936	249083.931665846	-249269.323885987	-15168.0594449585	249269.344283021
107005399.999998	-250644.202229029	-83070.4828701733	250646.795036279	-250665.303212371	-83068.7681418602	250666.181291308
107119599.999998	-250618.847962483	-146817.589478957	250622.953084515	-250682.165848181	-146814.55891537	250683.240406626
107233799.999998	-248776.833077003	-204408.424785364	248777.878021146	-249180.772717899	-204404.205526951	249177.59840363
107347999.999998	-247963.16399776	-253866.803177698	247968.485299307	-249216.272292762	-253861.563287787	249216.353704397
107462199.999998	-82363.9333907322	-248696.006320939	248697.778931476	-82362.2332487615	-249238.700032989	249238.772501556
107576399.999998	-80067.0708570839	-248937.740637699	248939.542707047	-80065.4180633999	-249254.247852965	249254.39712863
107690599.999998	-12634.0634364193	-249279.23458475	249279.860653351	-12633.802635717	-249304.105758226	249304.471026125
107804799.999998	56445.4970791093	-250903.561122896	250902.266477246	56444.3319396711	-250728.237653959	250728.108147747
107918999.999998	120383.909325982	-250967.242575789	250964.549173245	120381.424388177	-250737.229231047	250737.020766307
108033199.999998	181579.736225075	-250717.135947308	250712.801222845	181575.988144983	-250714.043992404	250713.457348033
108147399.999998	233957.030393956	-248571.040680245	248566.74707423	233952.201315897	-249208.199157553	249208.734629597
108261599.999998	281200.543601761	-247342.350165761	247336.474242205	281194.740247606	-249207.990067863	249207.917498461
108375799.999997	248544.120347183	-248544.44594192	15122.0423021255	249233.362168293	-249233.375615693	15121.7301547886
108489999.999997	248841.886482031	-248842.760024243	39267.1940139359	249249.382686297	-249249.445632538	39266.3834179646
108604199.999997	249160.473523253	-249159.823345438	-27062.2384273153	249280.376956251	-249280.285390369	-27061.6798153827
108718399.999997	250707.835780174	-250705.30832885	-96399.6135823445	250694.571435752	-250694.033849322	-96397.6237174499
108832599.999997	250608.165254649	-250603.734942112	-155814.515896814	250681.178770008	-250679.964724838	-155811.299629447
108946799.999997	248718.744973092	-248715.238522816	-212609.843314364	249207.220358434	-249208.102435616	-212605.454786906
109060999.999997	247762.293599047	-247756.789214281	-262860.105629759	249213.252761894	-249213.173796309	-262854.680210578
109175199.999997	248654.37779366	-61064.3326554263	-248653.065863872	249237.114049978	-61063.0721747632	-249237.062600854
109289399.999997	248918.200770684	-67697.0846387694	-248916.678471876	249253.524650759	-67695.6871881804	-249253.39980254
109403599.999997	249252.364311607	-1060.19227093502	-249252.161989054	249298.834536201	-1060.17037905809	-249298.654105525
109517799.999997	250860.834796553	67874.8023491115	-250862.41842513	250722.828008445	67873.4012872608	-250723.010575172
109631999.999997	250880.074938177	132333.541687857	-250883.092942797	250729.373750021	132330.810092694	-250729.660159479
109746199.999997	250537.270300085	190437.006104594	-250542.670161828	250676.290635322	190433.075211639	-250677.75960411
109860399.999997	248348.175017521	243209.058687497	-248353.207280199	249218.993074751	243204.038685175	-249219.005335108
109974599.999997	246967.817673546	289374.837852936	-246973.853259711	249203.767404315	289368.867145776	-249203.832283319
110088799.999997	-13666.4915572607	248401.380794886	-248401.092756772	-13666.2094555197	249229.190255463	-249229.18431909
110202999.999997	25805.3344145475	248716.352809016	-248716.91700032	25804.8016948927	249242.954725116	-249242.986196765
110317199.999997	-37641.9686460843	249011.108317826	-249010.241951582	-37641.1916472756	249261.886605994	-249261.797238559
110431399.999997	-109086.464855334	243258.11614807	-249362.501041679	-109084.213112384	243253.032575121	-249359.669211679
110545599.999997	-168011.760776169	250527.523322602	-250522.63250548	-168008.2927459	250671.075996422	-250669.653209568
110659799.999997	-221856.082741902	248574.777994173	-248570.255795578	-221851.503391551	249222.615548928	-249222.672700683
110773999.999997	-271336.211885493	247496.231199765	-247490.555323052	-271330.611680076	249209.996896386	-249209.921225091
110888199.999997	-248568.878274727	248569.66675833	-36782.291355954	-249234.264428605	249234.293657062	-36781.5321008067
111002399.999997	-248851.704749383	248852.950135239	-55976.1057540938	-249249.674479314	249249.764359927	-55974.9502488506
111116599.999997	-249174.067582107	249173.810597532	12248.3232005745	-249282.39150966	249282.387347583	12248.0703780766
111230799.999997	-250776.864540422	250774.907956599	78476.8497174459	-250707.827897663	250707.491221258	78475.2298100291
111344999.999997	-250753.28562648	250749.852240411	143146.063119988	-250713.782680207	250713.304073549	143143.108340578
111459199.999997	-249276.401002836	248372.631803595	199863.239708024	-249546.964572578	248647.320820381	199859.11426098
111573399.999997	-248118.300182295	248113.019465079	252544.555865709	-249217.377895733	249217.309804803	252539.343239422
111687599.999997	-248754.703177258	91957.4139920564	248752.717144231	-249241.125157654	91955.5158240277	249241.037292655
111801799.999997	-248990.90923667	84624.8288925687	248988.984757933	-249257.834021923	84623.0820247063	249257.656411048
111915999.999997	-249348.164086037	16458.5640561539	249346.769135197	-249331.171850704	16458.2243094749	249330.116646544
112030199.999997	-250951.152217986	-51854.6581220977	250952.324657815	-250733.606582926	-51853.5877463203	250733.708646978
112144399.999997	-251026.004612153	-117236.846385842	251028.598866703	-250741.881800937	-117234.426407718	250742.056077364
112258599.999997	-250795.500074805	-178528.88689409	250799.606455861	-250724.747627603	-178525.201784681	250725.168899249
112372799.999997	-248631.535226772	-231324.555410478	248633.751332235	-249178.361124044	-231319.78065692	249175.80247595
112486999.999997	-247471.671454677	-278803.61394705	247477.50110418	-249209.559436831	-278797.859918399	249209.635057683
112601199.999997	-23839.2909475677	-248599.34542294	248599.85871989	-23838.7988598055	-249235.137704779	249235.158913967
112715399.999997	-44664.7625339355	-248889.899714222	248890.901085189	-44663.8405261262	-249252.303337583	249252.382700741
112829599.999997	23033.7247641543	-249215.789729442	249215.238854759	23033.2493090644	-249291.240660393	249291.165240801
112943799.999997	91130.1843913065	-250781.002850401	250778.781179866	91128.3032966097	-250710.975132608	250710.634556769
113057999.999997	154244.527373844	-250693.886355382	250690.042754515	154241.343510608	-250704.513835264	250703.854097633
113172199.999997	210138.441492507	-248749.853313364	248750.796675935	210134.103973592	-249154.208934843	249159.48981633
113286399.999997	260131.785842412	-247878.399531873	247872.951508136	260126.416703543	-249214.708568618	249214.62968375
113400599.999997	248687.453584977	-248688.966664051	70317.849681254	249238.357363592	-249238.418952969	70316.398191557
113514799.999997	248942.825101069	-248944.451264732	71976.1880661627	249254.954376605	-249255.094761966	71974.7022878612
113628999.999997	249283.998254552	-249284.433168641	4976.41295655662	249307.612961892	-249307.945145151	4976.31022572588
113743199.999997	250892.847737153	-250891.371025629	-64120.3850908302	250727.065038881	-250726.911891017	-64119.0615271703
113857399.999997	250923.649819652	-250920.756741505	-128260.575671506	250733.688140996	-250733.442586343	-128257.928148013
113971599.999997	250615.86499092	-250611.020749836	-188244.16866381	250696.126585343	-250695.167978764	-188240.283029305
114085799.999997	248422.25836469	-248417.354796483	-241206.895805053	249216.857278211	-249216.932398072	-241201.917116985
114200000	247103.627743448	-247097.667243316	-285565.601324707	249205.411267126	-249205.343446052	-285559.70864565
